exp_sid,participant_number,n_full,n_leave_one_out,cooks_distance,full_beta_like_c,loo_beta_like_c,delta_beta_like_c,dfbetas_like_c,full_beta_mentism_c,loo_beta_mentism_c,delta_beta_mentism_c,dfbetas_mentism_c,full_beta_like_x_mentism,loo_beta_like_x_mentism,delta_beta_like_x_mentism,dfbetas_like_x_mentism,crosses_like_c,crosses_mentism_c,crosses_like_x_mentism,dfbetas_exclude_flag,custom_exclude_flag,dfbetas_used_for_exclusion,exclude_flag,exclusion_reason,max_abs_dfbetas,cooks_threshold,cooks_crosses_threshold
d4f017f131894c6480ae173727b7aa15,1,100,99,0.0034685260711128404,0.23291715648998476,0.2387300026073644,0.005812846117379644,0.06362308762638942,0.04983475260711048,0.04849603833067353,-0.0013387142764369545,-0.05333634841644398,-0.06980909765707792,-0.07068671522138295,-0.0008776175643050305,-0.037327495665599016,False,False,False,False,False,False,False,,0.06362308762638942,0.04,False
0991825287e24a6fa95fce328622b05f,2,100,99,0.0040273668864186755,0.23291715648998476,0.23916424543275527,0.006247088942770512,0.06837598642554572,0.04983475260711048,0.05043885680813748,0.0006041042010269948,0.024068401086727875,-0.06980909765707792,-0.06781054746518139,0.001998550191896528,0.08500385208741215,False,False,False,False,False,False,False,,0.08500385208741215,0.04,False
dcb449585f9c4ccdb12eedf96ccd1d55,3,100,99,0.005939750963023892,0.23291715648998476,0.24357167925525675,0.010654522765271984,0.11661647699317335,0.04983475260711048,0.04874948984911408,-0.0010852627579964053,-0.0432384666412521,-0.06980909765707792,-0.06957773476093634,0.00023136289614157646,0.009840502120925507,False,False,False,False,False,False,False,,0.11661647699317335,0.04,False
f421afa804904223a83d5009309f4859,4,100,99,0.035917298466479605,0.23291715648998476,0.21409035964372042,-0.018826796846264343,-0.20606410720090926,0.04983475260711048,0.05408885147274303,0.00425409886563255,0.1694895641953381,-0.06980909765707792,-0.06693966632018028,0.0028694313368976404,0.12204482925953983,False,False,False,False,False,False,False,,0.20606410720090926,0.04,False
0955eb67041143128a2b1b26ee7d4ebe,6,100,99,0.0011185587047848344,0.23291715648998476,0.23230716498577242,-0.0006099915042123427,-0.006676513043725611,0.04983475260711048,0.04923918875251007,-0.0005955638546004116,-0.02372814110696749,-0.06980909765707792,-0.06952085650796141,0.00028824114911650545,0.012259691102255625,False,False,False,False,False,False,False,,0.02372814110696749,0.04,False
ab2be3030cef4125adb5c3b6ab4f23ab,7,100,99,0.0066913132515996725,0.23291715648998476,0.24101102625776988,0.008093869767785117,0.08858947494459264,0.04983475260711048,0.047995434292253975,-0.0018393183148565084,-0.07328115059102636,-0.06980909765707792,-0.07104628712723929,-0.0012371894701613678,-0.052621080597382124,False,False,False,False,False,False,False,,0.08858947494459264,0.04,False
1e53d11b72574a2aa0696ccbc1e987f7,8,100,99,7.10097635358738e-05,0.23291715648998476,0.23256582407199855,-0.00035133241798621095,-0.003845423182405584,0.04983475260711048,0.04961163169048166,-0.00022312091662882172,-0.008889465928446477,-0.06980909765707792,-0.06970722412296453,0.00010187353411339473,0.004332962394694404,False,False,False,False,False,False,False,,0.008889465928446477,0.04,False
dc5266bf7db74dcd8b2a4b4ebed65967,9,100,99,0.0007203721317429226,0.23291715648998476,0.22965843480535794,-0.0032587216846268197,-0.035667542388768604,0.04983475260711048,0.05069958962953787,0.0008648370224273866,0.03445638069566026,-0.06980909765707792,-0.07061395471321011,-0.0008048570561321883,-0.034232790564067375,False,False,False,False,False,False,False,,0.035667542388768604,0.04,False
a32acc2dcc1544d0b011d33223733a40,10,100,99,0.0005394897726882188,0.23291715648998476,0.23398295305236141,0.001065796562376653,0.011665415996004715,0.04983475260711048,0.04946452998608307,-0.00037022262102741343,-0.014750214481407422,-0.06980909765707792,-0.06997199554018786,-0.00016289788310994147,-0.006928496275637656,False,False,False,False,False,False,False,,0.014750214481407422,0.04,False
023f77ba0feb4f1cac3a22936b3d797c,11,100,99,0.0008288153319675788,0.23291715648998476,0.23332923488304252,0.00041207839305776317,0.004510303417815988,0.04983475260711048,0.05033824203040227,0.0005034894232917864,0.020059760157454212,-0.06980909765707792,-0.07001752895186719,-0.00020843129478927136,-0.00886515786518326,False,False,False,False,False,False,False,,0.020059760157454212,0.04,False
62a36f18c1e94e6eabff7e80742d4d98,12,100,99,0.001440768036354493,0.23291715648998476,0.23265942685307342,-0.0002577296369113413,-0.0028209168008252045,0.04983475260711048,0.05106475905928749,0.0012300064521770099,0.04900526859427775,-0.06980909765707792,-0.07002737300639589,-0.00021827534931796733,-0.009283852656282615,False,False,False,False,False,False,False,,0.04900526859427775,0.04,False
4aaafe69bd1d423f9068c7ee2b7f1b24,13,100,99,0.0011512830413132756,0.23291715648998476,0.23722176943903361,0.004304612949048853,0.047115089807070965,0.04983475260711048,0.049200562541790525,-0.0006341900653199575,-0.02526706623027905,-0.06980909765707792,-0.06992109374503336,-0.0001119960879554377,-0.0047635025297506845,False,False,False,False,False,False,False,,0.047115089807070965,0.04,False
673dcdd4a5344facb04c4a4576b0ba79,14,100,99,0.004978746688651147,0.23291715648998476,0.24189947477582335,0.008982318285838592,0.09831377123150918,0.04983475260711048,0.04855471363921292,-0.0012800389678975649,-0.05099863770790609,-0.06980909765707792,-0.07010062444170108,-0.0002915267846231584,-0.012399438242834388,False,False,False,False,False,False,False,,0.09831377123150918,0.04,False
47e09766c58f40a7b99fca6080d6a541,15,100,99,0.002082552697609204,0.23291715648998476,0.23688847245430367,0.0039713159643189055,0.04346706905495033,0.04983475260711048,0.050589023125547236,0.0007542705184367532,0.030051248335580965,-0.06980909765707792,-0.07059498546778682,-0.0007858878107089018,-0.03342597623500581,False,False,False,False,False,False,False,,0.04346706905495033,0.04,False
7fc17f54105c4f4281dc03dfedd3dac2,16,100,99,0.0018443171215898955,0.23291715648998476,0.22905121116296717,-0.003865945327017589,-0.042313760476863936,0.04983475260711048,0.049687939671858805,-0.00014681293525167782,-0.005849243564851972,-0.06980909765707792,-0.07021450147895511,-0.00040540382187718993,-0.01724294273431207,False,False,False,False,False,False,False,,0.042313760476863936,0.04,False
ee867f0d615e4e4699081702333a57f3,17,100,99,0.0015739658379881592,0.23291715648998476,0.23513679088016134,0.0022196343901765836,0.02429446616219945,0.04983475260711048,0.048484812555244075,-0.0013499400518664079,-0.05378359984274808,-0.06980909765707792,-0.07002454734652758,-0.0002154496894496566,-0.009163669548313087,False,False,False,False,False,False,False,,0.05378359984274808,0.04,False
bcc8ff2711444f4fa1cb7a4c732c6b9a,18,100,99,6.037009487514376e-05,0.23291715648998476,0.23178274916757172,-0.0011344073224130446,-0.012416378314593723,0.04983475260711048,0.04989235827762564,5.7605670515159524e-05,0.002295094754301829,-0.06980909765707792,-0.06985906156674725,-4.996390966932607e-05,-0.0021251028893149275,False,False,False,False,False,False,False,,0.012416378314593723,0.04,False
bea2011ad47945a9991b4962b7a26bbe,19,100,99,0.003768649764388796,0.23291715648998476,0.22755900192836234,-0.005358154561622419,-0.05864637224277936,0.04983475260711048,0.048826643924080176,-0.0010081086830303065,-0.0401645346629566,-0.06980909765707792,-0.06873317065026352,0.0010759270068144006,0.04576214323509894,False,False,False,False,False,False,False,,0.05864637224277936,0.04,False
30211c3c23054047b300fe7d69b21ea6,20,100,99,0.003196276321104774,0.23291715648998476,0.2318352315095807,-0.0010819249804040476,-0.011841945656813032,0.04983475260711048,0.05206654696170786,0.0022317943545973745,0.0889179740485603,-0.06980909765707792,-0.07006300413454468,-0.00025390647746675876,-0.010799342814672546,False,False,False,False,False,False,False,,0.0889179740485603,0.04,False
121e88c44bb24c3fac7a01bf04bdb03f,21,100,99,0.0011199201601034322,0.23291715648998476,0.23151505434670377,-0.0014021021432809866,-0.015346366602824773,0.04983475260711048,0.049988342721939874,0.0001535901148293911,0.00611925638058125,-0.06980909765707792,-0.06950280712034489,0.00030629053673303375,0.013027381341632498,False,False,False,False,False,False,False,,0.015346366602824773,0.04,False
8c78b31e3f02444ab89450f9a192abb9,22,100,99,0.0007418080826811474,0.23291715648998476,0.23249799652300943,-0.0004191599669753354,-0.00458781305574419,0.04983475260711048,0.05082686940342468,0.0009921167963141964,0.03952739434351748,-0.06980909765707792,-0.06992883493119938,-0.0001197372741214564,-0.005092756529227643,False,False,False,False,False,False,False,,0.03952739434351748,0.04,False
2a7ca7b5779c412984f34e46d9bf2635,23,100,99,0.007128753126987242,0.23291715648998476,0.23749130557193554,0.004574149081950779,0.05006523172650437,0.04983475260711048,0.05182338545392598,0.001988632846815497,0.07923006145302083,-0.06980909765707792,-0.07198073116921831,-0.002171633512140392,-0.0923655630979552,False,False,False,False,False,False,False,,0.0923655630979552,0.04,False
93915b60073745b0bc6f3db0d177d998,24,100,99,0.0007885804683260521,0.23291715648998476,0.23297869100306412,6.153451307935875e-05,0.0006735109856064943,0.04983475260711048,0.048918694185941046,-0.000916058421169437,-0.036497116659838395,-0.06980909765707792,-0.06960713760367603,0.00020196005340189505,0.008589918119919483,False,False,False,False,False,False,False,,0.036497116659838395,0.04,False
9f2a4e88194e4080ad8aad6a59b6a1d1,25,100,99,0.003196276321104749,0.23291715648998476,0.23183523150958077,-0.001081924980403992,-0.011841945656812423,0.04983475260711048,0.05206654696170784,0.0022317943545973537,0.08891797404855947,-0.06980909765707792,-0.07006300413454467,-0.0002539064774667449,-0.010799342814671955,False,False,False,False,False,False,False,,0.08891797404855947,0.04,False
8b081f52ad9343fbbda7ef81e6dd3a04,26,100,99,0.004454468895054131,0.23291715648998476,0.2389189603017558,0.006001803811771039,0.06569127792511413,0.04983475260711048,0.050586357802645525,0.000751605195535042,0.029945057945719465,-0.06980909765707792,-0.06763840704605012,0.0021706906110278007,0.09232545891291509,False,False,False,False,False,False,False,,0.09232545891291509,0.04,False
9cdcc1da3e10496c9a623f7b5284a5ba,27,100,99,0.00023452020276025251,0.23291715648998476,0.23311062558563042,0.00019346909564565973,0.002117568739426893,0.04983475260711048,0.04922371425248505,-0.0006110383546254344,-0.024344667978632446,-0.06980909765707792,-0.06970618122206285,0.00010291643501507408,0.004377319846585095,False,False,False,False,False,False,False,,0.024344667978632446,0.04,False
6bba52ff679e449391b18a4f3cb3378a,28,100,99,0.017221742962307073,0.23291715648998476,0.22090830781626275,-0.012008848673722011,-0.13143992048505926,0.04983475260711048,0.048337204427753286,-0.001497548179357197,-0.05966452503755636,-0.06980909765707792,-0.07404120693249829,-0.004232109275420365,-0.1800032805401882,False,False,False,False,False,False,False,,0.1800032805401882,0.04,False
1f73ad75111d4a03a9da913787843eae,29,100,99,0.013106871490877223,0.23291715648998476,0.2150156633590704,-0.017901493130914353,-0.1959364213523676,0.04983475260711048,0.05242387486660174,0.002589122259491254,0.10315444404801613,-0.06980909765707792,-0.07293171484839774,-0.0031226171913198153,-0.13281352198849475,False,False,False,False,False,False,False,,0.1959364213523676,0.04,False
b6d5b977f46a4cf597738d6c4b413a9d,30,100,99,0.002012630630660119,0.23291715648998476,0.23567386836520698,0.002756711875222223,0.030172916615421354,0.04983475260711048,0.05058585782048768,0.0007511052133771998,0.029925137920182983,-0.06980909765707792,-0.069809394843306,-2.9718622808483364e-07,-1.2640149983206941e-05,False,False,False,False,False,False,False,,0.030172916615421354,0.04,False
bbec2a47208a49b19e637fdbe08204c7,31,100,99,3.9071146226552194e-05,0.23291715648998476,0.23308861986261295,0.0001714633726281889,0.0018767104721425468,0.04983475260711048,0.04979199906414578,-4.275354296470052e-05,-0.0017033641186466155,-0.06980909765707792,-0.06983126199917616,-2.2164342098243695e-05,-0.000942710603402976,False,False,False,False,False,False,False,,0.0018767104721425468,0.04,False
cef0e506fa7c47b2bb92964ece39c629,32,100,99,0.0033644097350234554,0.23291715648998476,0.2293389581760212,-0.0035781983139635543,-0.039164295815992886,0.04983475260711048,0.04886434284319846,-0.0009704097639120224,-0.03866255420274386,-0.06980909765707792,-0.06980943156711143,-3.339100335120193e-07,-1.4202114720083068e-05,False,False,False,False,False,False,False,,0.039164295815992886,0.04,False
da6b1f80b3814716b99154d8a3760901,33,100,99,0.0025009707706788327,0.23291715648998476,0.2255522066699745,-0.007364949820010264,-0.08061125966529184,0.04983475260711048,0.0500832576777855,0.0002485050706750175,0.009900808011140958,-0.06980909765707792,-0.07016555410008488,-0.00035645644300695556,-0.015161075703690435,False,False,False,False,False,False,False,,0.08061125966529184,0.04,False
5edab9ad89db4ce29278fcd6967dc22f,35,100,99,0.002353933453291558,0.23291715648998476,0.23529376304393848,0.0023766065539537196,0.026012566646751535,0.04983475260711048,0.049089806733445006,-0.0007449458736654771,-0.029679740754662315,-0.06980909765707792,-0.07021282491190989,-0.0004037272548319676,-0.01717163371355064,False,False,False,False,False,False,False,,0.029679740754662315,0.04,False
cb2739d8df89442f92479d3a7e8b92dd,36,100,99,0.003779060223925027,0.23291715648998476,0.2382724013778706,0.005355244887885829,0.05861452511946506,0.04983475260711048,0.05084880031270225,0.0010140477055917696,0.04040115406873033,-0.06980909765707792,-0.07087325198481986,-0.0010641543277419424,-0.04526141872259712,False,False,False,False,False,False,False,,0.05861452511946506,0.04,False
af0dfcdcede944e5adbf92a4c0ba9b92,37,100,99,0.004653417622444811,0.23291715648998476,0.23346031575302276,0.0005431592630379956,0.005945017069010172,0.04983475260711048,0.051657055753590565,0.0018223031464800823,0.07260324122316264,-0.06980909765707792,-0.07039228452511492,-0.0005831868680370028,-0.02480454605090304,False,False,False,False,False,False,False,,0.07260324122316264,0.04,False
d48744259ced44b59415148e3901862e,38,100,99,0.004759639860669037,0.23291715648998476,0.23266331192650605,-0.0002538445634787112,-0.0027783936783396207,0.04983475260711048,0.05208944188266007,0.0022546892755495873,0.08983014141867625,-0.06980909765707792,-0.07028516386303603,-0.0004760662059581089,-0.02024840883114219,False,False,False,False,False,False,False,,0.08983014141867625,0.04,False
7d8eefccdb224f898923a6c601c8ab83,39,100,99,0.0008551087777676941,0.23291715648998476,0.23404786160160293,0.0011307051116181688,0.012375856670452911,0.04983475260711048,0.049683239901334025,-0.0001515127057764576,-0.006036489344327898,-0.06980909765707792,-0.07003950188710262,-0.00023040423002469723,-0.0097997274067698,False,False,False,False,False,False,False,,0.012375856670452911,0.04,False
fc090a6ff748439ea823340006f8409b,40,100,99,0.0015739658379881592,0.23291715648998476,0.23513679088016134,0.0022196343901765836,0.02429446616219945,0.04983475260711048,0.048484812555244075,-0.0013499400518664079,-0.05378359984274808,-0.06980909765707792,-0.07002454734652758,-0.0002154496894496566,-0.009163669548313087,False,False,False,False,False,False,False,,0.05378359984274808,0.04,False
7d6366e64e6c4cfdba0bab82b1604f44,41,100,99,0.000828815331967591,0.23291715648998476,0.23332923488304255,0.0004120783930577909,0.004510303417816292,0.04983475260711048,0.050338242030402276,0.0005034894232917933,0.02005976015745449,-0.06980909765707792,-0.07001752895186716,-0.0002084312947892436,-0.00886515786518208,False,False,False,False,False,False,False,,0.02005976015745449,0.04,False
37a96095f39f4370a745a7e32ebf11d5,42,100,99,0.000544920518834734,0.23291715648998476,0.2335296946215633,0.0006125381315785494,0.006704386531652205,0.04983475260711048,0.049985171612563994,0.0001504190054535115,0.005992914712672301,-0.06980909765707792,-0.06998335848789265,-0.00017426083081473198,-0.007411793782946405,False,False,False,False,False,False,False,,0.007411793782946405,0.04,False
907a2daa3fe54a0ca3ead9847e09b46a,43,100,99,0.02072031523175161,0.23291715648998476,0.24995068103119078,0.01703352454120602,0.18643628311976276,0.04983475260711048,0.045183097907624474,-0.004651654699486009,-0.1853287741317809,-0.06980909765707792,-0.06534729245842082,0.004461805198657104,0.18977288170560552,False,False,False,False,False,False,False,,0.18977288170560552,0.04,False
91783553ab0449c09f5bc3434e2eaa89,44,100,99,0.002903694196685702,0.23291715648998476,0.2323024688217703,-0.0006146876682144586,-0.006727913759963598,0.04983475260711048,0.048008864218876394,-0.0018258883882340884,-0.0727460825349456,-0.06980909765707792,-0.06896774547314798,0.0008413521839299443,0.035785029010622374,False,False,False,False,False,False,False,,0.0727460825349456,0.04,False
cac2c0de502348bfad795df71f2a1e71,45,100,99,0.0037686497643886143,0.23291715648998476,0.22755900192836234,-0.005358154561622419,-0.05864637224277936,0.04983475260711048,0.048826643924080204,-0.0010081086830302788,-0.0401645346629555,-0.06980909765707792,-0.06873317065026352,0.0010759270068144006,0.04576214323509894,False,False,False,False,False,False,False,,0.05864637224277936,0.04,False
dff5c0713e614e1fb873826cbbb41705,46,100,99,0.004502219897081659,0.23291715648998476,0.2367767191012523,0.0038595626112675474,0.04224390002034074,0.04983475260711048,0.047575576490134296,-0.0022591761169761873,-0.09000890378928113,-0.06980909765707792,-0.07021948690065007,-0.0004103892435721457,-0.017454986469850806,False,False,False,False,False,False,False,,0.09000890378928113,0.04,False
b99a2b7b8dd84149960b13cb998f42d7,47,100,99,0.0007203721317429226,0.23291715648998476,0.22965843480535794,-0.0032587216846268197,-0.035667542388768604,0.04983475260711048,0.05069958962953787,0.0008648370224273866,0.03445638069566026,-0.06980909765707792,-0.07061395471321011,-0.0008048570561321883,-0.034232790564067375,False,False,False,False,False,False,False,,0.035667542388768604,0.04,False
790f52e00a444c14b46f8c7c768fb554,48,100,99,0.004027366886418719,0.23291715648998476,0.23916424543275527,0.006247088942770512,0.06837598642554572,0.04983475260711048,0.050438856808137505,0.0006041042010270226,0.024068401086728978,-0.06980909765707792,-0.06781054746518139,0.001998550191896528,0.08500385208741215,False,False,False,False,False,False,False,,0.08500385208741215,0.04,False
831af3997c02419d89911a6b60265c07,49,100,99,0.002786069802461269,0.23291715648998476,0.22820102319857383,-0.004716133291410934,-0.05161928521727857,0.04983475260711048,0.04966277131775473,-0.00017198128935575624,-0.006851987860024791,-0.06980909765707792,-0.07033457395445496,-0.0005254762973770366,-0.022349956302719274,False,False,False,False,False,False,False,,0.05161928521727857,0.04,False
356d6504b5544ddcb690eb6d20063ed4,50,100,99,0.011776433850188752,0.23291715648998476,0.24483112755317848,0.011913971063193723,0.13040146076902176,0.04983475260711048,0.05065218611479833,0.0008174335076878494,0.03256775485307849,-0.06980909765707792,-0.06662416043508497,0.0031849372219929506,0.13546416478490866,False,False,False,False,False,False,False,,0.13546416478490866,0.04,False
d14543fe53d641f3af028e703af3092c,51,100,99,0.2452352074818375,0.23291715648998476,0.19068456018403435,-0.042232596305950415,-0.4622465692717604,0.04983475260711048,0.0614523009184583,0.011617548311347814,0.46286023491742356,-0.06980909765707792,-0.06036819794893768,0.009440899708140243,0.40154750459446786,False,False,False,False,False,False,False,,0.46286023491742356,0.04,True
74dc6bcfe87f4248847e2a64f90bc1ca,52,100,99,0.0036242079670536316,0.23291715648998476,0.23947377157278507,0.00655661508280031,0.07176382920206348,0.04983475260711048,0.047472035721914094,-0.0023627168851963892,-0.09413412048884252,-0.06980909765707792,-0.06777464286091503,0.0020344547961628906,0.08653097393938762,False,False,False,False,False,False,False,,0.09413412048884252,0.04,False
5ff4662ff28f41589cdcda6c6aa93568,53,100,99,0.11383461160336636,0.23291715648998476,0.25688373382512575,0.023966577335140987,0.2623203193594408,0.04983475260711048,0.055265684037007,0.005430931429896514,0.21637630678126138,-0.06980909765707792,-0.079480534414824,-0.00967143675774608,-0.41135288118436814,False,False,False,False,False,False,False,,0.41135288118436814,0.04,True
df333f2e67a647d69bf090537633a167,54,100,99,0.0010678594768516283,0.23291715648998476,0.23300910132510447,9.194483511970608e-05,0.0010063597390140456,0.04983475260711048,0.05069014640937427,0.0008553938022637861,0.03408014889647491,-0.06980909765707792,-0.07002209194768023,-0.00021299429060231412,-0.009059234662823903,False,False,False,False,False,False,False,,0.03408014889647491,0.04,False
7ef7153ef781485ab8ae506f38dfef3b,55,100,99,0.0015739658379881432,0.23291715648998476,0.23513679088016132,0.002219634390176556,0.024294466162199144,0.04983475260711048,0.04848481255524408,-0.001349940051866401,-0.053783599842747803,-0.06980909765707792,-0.07002454734652756,-0.0002154496894496427,-0.009163669548312497,False,False,False,False,False,False,False,,0.053783599842747803,0.04,False
f582a4098ccc4e26a3e07ae72b71605f,56,100,99,0.051524413020130846,0.23291715648998476,0.26062809203337295,0.027710935543388188,0.303303277720515,0.04983475260711048,0.05127649783924662,0.001441745232136138,0.057441253434321896,-0.06980909765707792,-0.07113524444287023,-0.0013261467857923065,-0.056404680594342844,False,False,False,False,False,False,False,,0.303303277720515,0.04,True
4ffbdd7ec010402886737610a08d48fe,57,100,99,0.0007858740048420144,0.23291715648998476,0.23254864244908577,-0.00036851404089899287,-0.004033480440084423,0.04983475260711048,0.04889069404511336,-0.0009440585619971201,-0.03761268350870298,-0.06980909765707792,-0.06935618089582679,0.00045291676125112923,0.019263799096667377,False,False,False,False,False,False,False,,0.03761268350870298,0.04,False
e6e25c421e8c4061a2f8ad2efd66a109,58,100,99,0.0020547376434128205,0.23291715648998476,0.23237830753275365,-0.0005388489572311084,-0.005897839669417881,0.04983475260711048,0.04830148045193425,-0.0015332721551762352,-0.06108782084805305,-0.06980909765707792,-0.069094759492748,0.0007143381643299196,0.03038277242538113,False,False,False,False,False,False,False,,0.06108782084805305,0.04,False
4fd8825c09d445c9a86d8dc79e00cd98,59,100,99,0.00374335912247304,0.23291715648998476,0.2326313401237705,-0.00028581636621424766,-0.0031283332373681747,0.04983475260711048,0.05182906322915816,0.0019943106220476764,0.0794562723804338,-0.06980909765707792,-0.07020863626800185,-0.0003995386109239274,-0.01699347913497185,False,False,False,False,False,False,False,,0.0794562723804338,0.04,False
2a8b5848f5ae4523afca35451eabe58b,60,100,99,0.002012630630660094,0.23291715648998476,0.235673868365207,0.002756711875222251,0.03017291661542166,0.04983475260711048,0.05058585782048765,0.0007511052133771651,0.029925137920181602,-0.06980909765707792,-0.069809394843306,-2.9718622808483364e-07,-1.2640149983206941e-05,False,False,False,False,False,False,False,,0.03017291661542166,0.04,False
ab32926de2c04952b8c2e7e4119f53e2,61,100,99,0.0045022198970816356,0.23291715648998476,0.23677671910125225,0.003859562611267492,0.042243900020340126,0.04983475260711048,0.0475755764901343,-0.0022591761169761804,-0.09000890378928085,-0.06980909765707792,-0.07021948690065007,-0.0004103892435721457,-0.017454986469850806,False,False,False,False,False,False,False,,0.09000890378928085,0.04,False
cf14b27dd2a94c1291f10b2cbb05dd64,62,100,99,0.004308565538143862,0.23291715648998476,0.23435957763551513,0.0014424211455303648,0.01578766839566789,0.04983475260711048,0.05103854352074493,0.001203790913634449,0.047960802928794434,-0.06980909765707792,-0.07048185423644161,-0.0006727565793636925,-0.02861419292592149,False,False,False,False,False,False,False,,0.047960802928794434,0.04,False
32015503ad8c45578f32bc2dcda58aed,63,100,99,0.0035749942595208637,0.23291715648998476,0.22593293698048603,-0.006984219509498735,-0.07644406902949069,0.04983475260711048,0.05196312043199615,0.0021283678248856658,0.08479730877942647,-0.06980909765707792,-0.07171867059321205,-0.0019095729361341268,-0.0812194039816612,False,False,False,False,False,False,False,,0.08479730877942647,0.04,False
9e259b7e4e614530b3f3da2205837a46,64,100,99,0.0013483933081528943,0.23291715648998476,0.23246842079889407,-0.00044873569109069034,-0.004911526921380357,0.04983475260711048,0.04859463281523397,-0.0012401197918765136,-0.04940819894271793,-0.06980909765707792,-0.06922374990027821,0.0005853477567997062,0.024896454610171134,False,False,False,False,False,False,False,,0.04940819894271793,0.04,False
eaf2b998190941bfad65f6b552861e4f,65,100,99,0.0017274527715862903,0.23291715648998476,0.2303033246945871,-0.0026138317953976475,-0.028609057594353317,0.04983475260711048,0.04913676184622804,-0.0006979907608824429,-0.027808979906428933,-0.06980909765707792,-0.0697787311872863,3.036646979162616e-05,0.0012915697174133822,False,False,False,False,False,False,False,,0.028609057594353317,0.04,False
86e5152601e44bc79e68c7fd0560dde1,66,100,99,0.0007215030169540418,0.23291715648998476,0.23177301922290913,-0.001144137267075629,-0.012522875047754548,0.04983475260711048,0.049955165799235514,0.00012041319212503093,0.004797438917444245,-0.06980909765707792,-0.06955624414898402,0.0002528535080938976,0.01075455712293151,False,False,False,False,False,False,False,,0.012522875047754548,0.04,False
2691c893a7e44918a20165dac64aa688,67,100,99,0.005489051018531543,0.23291715648998476,0.2372096706249078,0.004292514134923042,0.046982665191700475,0.04983475260711048,0.04767159402480369,-0.0021631585823067914,-0.08618342379451686,-0.06980909765707792,-0.07035988740509004,-0.0005507897480121204,-0.02342660717810448,False,False,False,False,False,False,False,,0.08618342379451686,0.04,False
a4847afbee3440488223989d8a8cc3e4,68,100,99,0.0018578094386627153,0.23291715648998476,0.23329977731128101,0.0003826208212962534,0.004187882759914924,0.04983475260711048,0.0513104091810029,0.0014756565738924185,0.05879233123413146,-0.06980909765707792,-0.07046363095621667,-0.0006545332991387542,-0.027839106554276183,False,False,False,False,False,False,False,,0.05879233123413146,0.04,False
7359e266ef9948aca580b49b20692727,69,100,99,0.0008211921335104052,0.23291715648998476,0.23449153068204384,0.0015743741920590804,0.01723192824227982,0.04983475260711048,0.048854053451225475,-0.0009806991558850078,-0.03907249873304734,-0.06980909765707792,-0.0699534304295376,-0.00014433277245967657,-0.006138870913162266,False,False,False,False,False,False,False,,0.03907249873304734,0.04,False
8699d4cf905a4fa8bc11601c72ba7be4,70,100,99,0.0005261688490785847,0.23291715648998476,0.23254882657612144,-0.0003683299138633189,-0.004031465122580998,0.04983475260711048,0.05066871994492131,0.0008339673378108259,0.03322648699601526,-0.06980909765707792,-0.06990417046736447,-9.507281028654779e-05,-0.004043708852497369,False,False,False,False,False,False,False,,0.03322648699601526,0.04,False
856e3316894747d2b9c9ee1f0f216ce8,71,100,99,0.003340470783129387,0.23291715648998476,0.23996552110449887,0.007048364614514108,0.07714615361160186,0.04983475260711048,0.050200519932461364,0.00036576732535088113,0.014572708939945458,-0.06980909765707792,-0.07012181551270517,-0.0003127178556272536,-0.013300752942114765,False,False,False,False,False,False,False,,0.07714615361160186,0.04,False
18ae6b1aeb664685b0fd2c4e318f50d4,72,100,99,0.0014408501834174117,0.23291715648998476,0.22948719786286578,-0.0034299586271189786,-0.037541774525153594,0.04983475260711048,0.04970288899474172,-0.00013186361236876276,-0.005253640524003527,-0.06980909765707792,-0.0701587285598691,-0.0003496309027911787,-0.014870766652023337,False,False,False,False,False,False,False,,0.037541774525153594,0.04,False
75489e519b9a42568ddcff822ad0a78d,73,100,99,0.0005621554843310292,0.23291715648998476,0.23029769660968605,-0.0026194598802987135,-0.02867065842320696,0.04983475260711048,0.05006014327911353,0.00022539067200304935,0.008979896325425667,-0.06980909765707792,-0.07022003963906316,-0.0004109419819852411,-0.017478495959129738,False,False,False,False,False,False,False,,0.02867065842320696,0.04,False
9b45f7fbf159423e8d0647bc7bcac22c,74,100,99,0.0063857528477286474,0.23291715648998476,0.2285080882352011,-0.004409068254783655,-0.048258379847028604,0.04983475260711048,0.04797202347553715,-0.001862729131573336,-0.07421387200820999,-0.06980909765707792,-0.06776374288117412,0.0020453547759037988,0.08699458014222844,False,False,False,False,False,False,False,,0.08699458014222844,0.04,False
179b8c2a95e646eca2510d2513c9d519,75,100,99,0.009213127775329797,0.23291715648998476,0.23503989611820467,0.002122739628219905,0.023233928207809753,0.04983475260711048,0.04584836784495941,-0.003986384762151074,-0.1588234400263423,-0.06980909765707792,-0.06940472328720076,0.0004043743698771557,0.017199157301303277,False,False,False,False,False,False,False,,0.1588234400263423,0.04,False
b09679120fe74756b97eb9314a75dec4,76,100,99,1.217102830814461,0.23291715648998476,0.1222519280884791,-0.11066522840150567,-1.2112592319848514,0.04983475260711048,0.04025575683669459,-0.00957899577041589,-0.3816412993296453,-0.06980909765707792,-0.10523719987324988,-0.03542810221617196,-1.5068549054869655,True,False,True,True,False,False,False,,1.5068549054869655,0.04,True
e53182617ce146a98d36d15c67820ab1,77,100,99,0.0037790602239250693,0.23291715648998476,0.23827240137787054,0.005355244887885774,0.05861452511946445,0.04983475260711048,0.05084880031270227,0.0010140477055917904,0.040401154068731154,-0.06980909765707792,-0.07087325198481989,-0.0010641543277419702,-0.0452614187225983,False,False,False,False,False,False,False,,0.05861452511946445,0.04,False
cc291a6ebaf34cdb8741a0b0fc736589,78,100,99,1.0178094061038587,0.23291715648998476,0.34627190886413073,0.11335475237414597,1.2406967598204766,0.04983475260711048,0.010319912887272003,-0.03951483971983848,-1.5743294114459228,-0.06980909765707792,-0.03562670395429025,0.034182393702787674,1.4538714864839817,True,True,True,True,False,False,False,,1.5743294114459228,0.04,True
e995e3538f7a4c0aa006b00cdb863b1f,79,100,99,0.0032068595655089832,0.23291715648998476,0.23641548321402345,0.003498326724038686,0.03829008083385954,0.04983475260711048,0.050783638752976645,0.0009488861458661624,0.03780502156005637,-0.06980909765707792,-0.06981968531082257,-1.0587653744648096e-05,-0.00045032211675842554,False,False,False,False,False,False,False,,0.03829008083385954,0.04,False
e4601ef24ef946538fc7489899a2fa2d,80,100,99,0.00644524290775052,0.23291715648998476,0.22107995877220174,-0.011837197717783021,-0.12956115686559794,0.04983475260711048,0.05025600399322258,0.0004212513861120981,0.016783275636967444,-0.06980909765707792,-0.07043346560123287,-0.0006243679441549493,-0.026556090804356808,False,False,False,False,False,False,False,,0.12956115686559794,0.04,False
f0e003dee178484d90a7f6c8233c95ae,81,100,99,0.0021844283009673665,0.23291715648998476,0.23748096266039895,0.004563806170414186,0.04995202591411633,0.04983475260711048,0.050276058163640426,0.00044130555652994313,0.01758226332196902,-0.06980909765707792,-0.06832773507204051,0.0014813625850374074,0.06300643665438935,False,False,False,False,False,False,False,,0.06300643665438935,0.04,False
6cd6c028d70a43c88544ff8fa4d4af0f,82,100,99,0.0008278421381605493,0.23291715648998476,0.2344017412064786,0.0014845847164938475,0.0162491594649103,0.04983475260711048,0.04914211870000581,-0.0006926339071046742,-0.027595554962409168,-0.06980909765707792,-0.06999880379028114,-0.00018970613320322405,-0.008068725094954559,False,False,False,False,False,False,False,,0.027595554962409168,0.04,False
4b49247f549d494a8fb63f53e2b7503f,83,100,99,6.876747377620498e-05,0.23291715648998476,0.2324018741451352,-0.0005152823448495714,-0.0056398970687829295,0.04983475260711048,0.05001411387261451,0.00017936126550402443,0.007146016978916925,-0.06980909765707792,-0.0697177562002147,9.134145686322259e-05,0.003885004099537821,False,False,False,False,False,False,False,,0.007146016978916925,0.04,False
036595932d434e31953def9f9d6d6925,84,100,99,2.6701170310140867e-06,0.23291715648998476,0.23280344528156696,-0.00011371120841779936,-0.001244598262396385,0.04983475260711048,0.04980190447775557,-3.2848129354910716e-05,-0.0013087178518518235,-0.06980909765707792,-0.06977119502651401,3.7902630563912965e-05,0.0016121034213913263,False,False,False,False,False,False,False,,0.0016121034213913263,0.04,False
6ef02b96983e45069d1b474941116646,85,100,99,1.0037334462216536e-05,0.23291715648998476,0.2328679688168292,-4.918767315556516e-05,-0.000538371664434401,0.04983475260711048,0.049718221898252195,-0.00011653070885828815,-0.004642755066019913,-0.06980909765707792,-0.06976120752451546,4.789013256245589e-05,0.0020368994290418715,False,False,False,False,False,False,False,,0.004642755066019913,0.04,False
29f3281611134ec99e6253f3ba8577f6,86,100,99,0.005570051468872997,0.23291715648998476,0.23094103628314794,-0.0019761202068368233,-0.021629141136895264,0.04983475260711048,0.05302675760687364,0.0031920049997631594,0.1271741803393077,-0.06980909765707792,-0.07007169050706415,-0.00026259284998622623,-0.011168798196786463,False,False,False,False,False,False,False,,0.1271741803393077,0.04,False
b25159abbbbd4325b7db1ca255b54e0f,87,100,99,0.0011627808164506104,0.23291715648998476,0.23268028082934003,-0.00023687566064473087,-0.0025926646963350714,0.04983475260711048,0.05093727833813652,0.0011025257310260383,0.043926248911463475,-0.06980909765707792,-0.06999963163186113,-0.00019053397478320522,-0.008103935480714123,False,False,False,False,False,False,False,,0.043926248911463475,0.04,False
3eb0c114aa4148f1b53368b9104e5494,88,100,99,0.001839726921679498,0.23291715648998476,0.23141562591403245,-0.0015015305759523145,-0.016434636231275578,0.04983475260711048,0.04867249928814334,-0.0011622533189671463,-0.046305883981151,-0.06980909765707792,-0.06940387498253896,0.0004052226745389631,0.01723523803837444,False,False,False,False,False,False,False,,0.046305883981151,0.04,False
3bcabb5c49e047648a901f992091f96b,89,100,99,0.003150310071878754,0.23291715648998476,0.23610846118319262,0.003191304693207858,0.03492964617305222,0.04983475260711048,0.04793708316329254,-0.0018976694438179453,-0.07560594550773063,-0.06980909765707792,-0.07013775836412971,-0.0003286607070517866,-0.013978846386971694,False,False,False,False,False,False,False,,0.07560594550773063,0.04,False
6f42e8850a04453d827fbc7e5c24f0cd,90,100,99,0.003768649764388801,0.23291715648998476,0.2275590019283623,-0.005358154561622475,-0.058646372242779965,0.04983475260711048,0.048826643924080176,-0.0010081086830303065,-0.0401645346629566,-0.06980909765707792,-0.06873317065026353,0.0010759270068143867,0.04576214323509835,False,False,False,False,False,False,False,,0.058646372242779965,0.04,False
56cbbb378c52498b954a8fab34ec0c8b,91,100,99,0.003353270933844681,0.23291715648998476,0.22666116480051474,-0.006255991689470025,-0.06847342926541122,0.04983475260711048,0.0504278113625461,0.0005930587554356173,0.023628334266760462,-0.06980909765707792,-0.07091472846490927,-0.0011056308078313537,-0.047025527821744205,False,False,False,False,False,False,False,,0.06847342926541122,0.04,False
cac7f82de156438db54cf8562985564c,92,100,99,0.0008551087777676937,0.23291715648998476,0.23404786160160293,0.0011307051116181688,0.012375856670452911,0.04983475260711048,0.04968323990133403,-0.00015151270577645065,-0.006036489344327621,-0.06980909765707792,-0.07003950188710263,-0.0002304042300247111,-0.00979972740677039,False,False,False,False,False,False,False,,0.012375856670452911,0.04,False
a0f2fb5dabb146c2830289f564f52723,93,100,99,0.08755277918150428,0.23291715648998476,0.25878750032230774,0.02587034383232298,0.2831575306367617,0.04983475260711048,0.05467571325706479,0.004840960649954304,0.19287100200609353,-0.06980909765707792,-0.0750266090243075,-0.005217511367229574,-0.22191514945316732,False,False,False,False,False,False,False,,0.2831575306367617,0.04,True
e312b7d80e494d47aa5f5b624b07fb52,94,100,99,0.00047696166414586854,0.23291715648998476,0.2340735798677661,0.0011564233777813515,0.012657349672100887,0.04983475260711048,0.04917438876235348,-0.0006603638447570045,-0.02630986815149636,-0.06980909765707792,-0.06992641996933165,-0.00011732231225372591,-0.004990041540015137,False,False,False,False,False,False,False,,0.02630986815149636,0.04,False
9fe6b2f6555c47e9ac69dd8a62679aaf,95,100,99,0.0017029878456691473,0.23291715648998476,0.23490247640115045,0.001985319911165684,0.021729834253972968,0.04983475260711048,0.04919430793257725,-0.0006404446745332318,-0.025516259073053372,-0.06980909765707792,-0.07013815006574581,-0.00032905240866788754,-0.013995506537100745,False,False,False,False,False,False,False,,0.025516259073053372,0.04,False
3e0a216249f6428a879be37b1eb5f75f,96,100,99,0.006178934950342858,0.23291715648998476,0.22871627363555921,-0.004200882854425547,-0.04597973738823087,0.04983475260711048,0.051690609791949955,0.0018558571848394725,0.07394008352940769,-0.06980909765707792,-0.06922740213760216,0.0005816955194757611,0.02474111488313724,False,False,False,False,False,False,False,,0.07394008352940769,0.04,False
0503638ffc4841e7a0e1111abdca18e9,97,100,99,0.004454468895054213,0.23291715648998476,0.2389189603017559,0.00600180381177115,0.06569127792511535,0.04983475260711048,0.05058635780264551,0.0007516051955350281,0.029945057945718914,-0.06980909765707792,-0.06763840704605009,0.0021706906110278285,0.09232545891291627,False,False,False,False,False,False,False,,0.09232545891291627,0.04,False
a7eaeb8e27f545dea3a9aa7dbdca372a,99,100,99,0.017453940587790283,0.23291715648998476,0.2185950979536166,-0.01432205853636817,-0.15675859412916884,0.04983475260711048,0.05515906235654773,0.005324309749437248,0.21212834200056307,-0.06980909765707792,-0.0742468125337172,-0.004437714876639284,-0.18874825386396116,False,False,False,False,False,False,False,,0.21212834200056307,0.04,False
2389f9c564314743a5900f16e31d8416,100,100,99,0.005268908823323276,0.23291715648998476,0.23711924250677488,0.004202086016790119,0.045992906308068786,0.04983475260711048,0.04739659401467598,-0.0024381585924345,-0.09713982921489922,-0.06980909765707792,-0.0702638377866138,-0.00045474012953587717,-0.01934135197905484,False,False,False,False,False,False,False,,0.09713982921489922,0.04,False
07dd2d8b11c14d899c947ce60d0acebf,101,100,99,0.12693183721675805,0.23291715648998476,0.18714002128910157,-0.045777135200883196,-0.5010424541366969,0.04983475260711048,0.0563139733641341,0.006479220757023618,0.2581416974826311,-0.06980909765707792,-0.06858536269044031,0.0012237349666376074,0.05204882345213725,True,False,False,True,False,False,False,,0.5010424541366969,0.04,True
87d85fdb81a34e5fb43c540288216aaf,102,100,99,0.028952876982313115,0.23291715648998476,0.24887095096364037,0.015953794473655608,0.17461836134557096,0.04983475260711048,0.051845607325789404,0.0020108547186789213,0.08011541355618039,-0.06980909765707792,-0.06445659413777452,0.0053525035193034,0.2276567380179038,False,False,False,False,False,False,False,,0.2276567380179038,0.04,False
54c0bc6aeb364c928a0a270057f5bdbb,103,100,99,0.11325844271554061,0.23291715648998476,0.20414369656706333,-0.028773459922921435,-0.3149328788383049,0.04983475260711048,0.057723885550672684,0.0078891329435622,0.31431467549699804,-0.06980909765707792,-0.0634269527224194,0.0063821449346585235,0.2714502273827443,False,False,False,False,False,False,False,,0.3149328788383049,0.04,True
