grouping,difficulty_group,difficulty,n,mean_completions,median_completions,sd_completions,min_completions,max_completions,proportion_gt_10,proportion_gt_20
individual_rating,1,1.0,8,16.75,10.5,13.285330255586423,3.0,40.0,0.5,0.375
individual_rating,2,2.0,31,18.580645161290324,13.0,25.82476097798182,0.0,115.0,0.6129032258064516,0.1935483870967742
individual_rating,3,3.0,23,21.956521739130434,8.0,32.003520063310035,0.0,128.0,0.4782608695652174,0.2608695652173913
individual_rating,4,4.0,21,14.476190476190476,10.0,23.886437674167837,2.0,116.0,0.42857142857142855,0.09523809523809523
individual_rating,5,5.0,11,15.818181818181818,11.0,12.081541141908856,5.0,43.0,0.6363636363636364,0.2727272727272727
individual_rating,6,6.0,6,12.0,10.0,7.211102550927978,5.0,25.0,0.3333333333333333,0.16666666666666666
broad_group,1-3,,62,19.596774193548388,11.0,26.857523095040516,0.0,128.0,0.5483870967741935,0.24193548387096775
broad_group,4,,21,14.476190476190476,10.0,23.886437674167837,2.0,116.0,0.42857142857142855,0.09523809523809523
broad_group,5-6,,17,14.470588235294118,11.0,10.53635164002953,5.0,43.0,0.5294117647058824,0.23529411764705882
