exp_sid,stage_id,participant_number,age,gender,timestamp_display,timestamp_submit,rt_sec,captcha_index,correct,prompt_text,shown_filenames_json,shown_labels_json,selected_indices_json,selected_filenames_json,targets_remaining_after,total_seen_so_far,total_correct_so_far,goal_correct,event,questionnaire_json
121e88c44bb24c3fac7a01bf04bdb03f,captcha_pre,21,19,female,2026-04-28T13:04:31.412,,,0,,Click on the images containing bicycles.,,,,,780,0,0,10,enter,
121e88c44bb24c3fac7a01bf04bdb03f,captcha_pre,21,19,female,2026-04-28T13:04:31.441,2026-04-28T13:05:07.729,36.288,1,1,Click on the images containing bicycles.,"[""Bus (126).jpg"", ""Car (118).jpg"", ""Stair (1454).jpg"", ""Bicycle (705).jpg"", ""Stair (1319).jpg"", ""Bicycle (279).jpg"", ""Bicycle (376).jpg"", ""Bicycle (470).jpg"", ""Bus (75).jpg""]","[""D"", ""D"", ""D"", ""T"", ""D"", ""T"", ""T"", ""T"", ""D""]","[3, 5, 6, 7]","[""Bicycle (705).jpg"", ""Bicycle (279).jpg"", ""Bicycle (376).jpg"", ""Bicycle (470).jpg""]",776,1,1,10,submit,
121e88c44bb24c3fac7a01bf04bdb03f,captcha_pre,21,19,female,2026-04-28T13:05:07.734,2026-04-28T13:05:17.873,10.139,2,1,Click on the images containing bicycles.,"[""Bicycle (198).jpg"", ""Palm (92).jpg"", ""Bicycle (56).jpg"", ""Bridge (69).jpg"", ""Car (104).jpg"", ""Tlight (8).jpg"", ""Palm (128).jpg"", ""Bicycle (732).jpg"", ""Palm (133).jpg""]","[""T"", ""D"", ""T"", ""D"", ""D"", ""D"", ""D"", ""T"", ""D""]","[0, 2, 7]","[""Bicycle (198).jpg"", ""Bicycle (56).jpg"", ""Bicycle (732).jpg""]",773,2,2,10,submit,
121e88c44bb24c3fac7a01bf04bdb03f,captcha_pre,21,19,female,2026-04-28T13:05:17.876,2026-04-28T13:05:31.994,14.118,3,1,Click on the images containing bicycles.,"[""Stair (700).jpg"", ""Stair (912).jpg"", ""Bicycle (698).jpg"", ""Chimney (75).jpg"", ""Cross (25).jpg"", ""Bicycle (604).jpg"", ""Bicycle (535).jpg"", ""Bicycle (388).jpg"", ""Bicycle (662).jpg""]","[""D"", ""D"", ""T"", ""D"", ""D"", ""T"", ""T"", ""T"", ""T""]","[2, 5, 6, 7, 8]","[""Bicycle (698).jpg"", ""Bicycle (604).jpg"", ""Bicycle (535).jpg"", ""Bicycle (388).jpg"", ""Bicycle (662).jpg""]",768,3,3,10,submit,
121e88c44bb24c3fac7a01bf04bdb03f,captcha_pre,21,19,female,2026-04-28T13:05:31.999,2026-04-28T13:05:41.148,9.149,4,0,Click on the images containing bicycles.,"[""Bicycle (417).jpg"", ""Stair (1353).jpg"", ""Cross (119).jpg"", ""Bicycle (724).jpg"", ""Bridge (53).jpg"", ""Bicycle (695).jpg"", ""Car (32).jpg"", ""Chimney (124).jpg"", ""Bicycle (59).jpg""]","[""T"", ""D"", ""D"", ""T"", ""D"", ""T"", ""D"", ""D"", ""T""]","[3, 5, 8]","[""Bicycle (724).jpg"", ""Bicycle (695).jpg"", ""Bicycle (59).jpg""]",764,4,3,10,submit,
121e88c44bb24c3fac7a01bf04bdb03f,captcha_pre,21,19,female,2026-04-28T13:05:43.156,2026-04-28T13:05:50.906,7.75,5,1,Click on the images containing bicycles.,"[""Palm (86).jpg"", ""Bicycle (329).jpg"", ""Bus (100).jpg"", ""Bicycle (266).jpg"", ""Stair (1457).jpg"", ""Bus (60).jpg"", ""Hydrant (37).jpg"", ""Bicycle (443).jpg"", ""Car (103).jpg""]","[""D"", ""T"", ""D"", ""T"", ""D"", ""D"", ""D"", ""T"", ""D""]","[1, 3, 7]","[""Bicycle (329).jpg"", ""Bicycle (266).jpg"", ""Bicycle (443).jpg""]",761,5,4,10,submit,
121e88c44bb24c3fac7a01bf04bdb03f,captcha_pre,21,19,female,2026-04-28T13:05:50.908,2026-04-28T13:06:00.976,10.068,6,1,Click on the images containing bicycles.,"[""Cross (98).jpg"", ""Palm (44).jpg"", ""Hydrant (131).jpg"", ""Tlight (97).jpg"", ""Bus (84).jpg"", ""Bicycle (288).jpg"", ""Stair (208).jpg"", ""Bicycle (580).jpg"", ""Bicycle (542).jpg""]","[""D"", ""D"", ""D"", ""D"", ""D"", ""T"", ""D"", ""T"", ""T""]","[5, 7, 8]","[""Bicycle (288).jpg"", ""Bicycle (580).jpg"", ""Bicycle (542).jpg""]",758,6,5,10,submit,
121e88c44bb24c3fac7a01bf04bdb03f,captcha_pre,21,19,female,2026-04-28T13:06:00.981,2026-04-28T13:06:11.881,10.9,7,0,Click on the images containing bicycles.,"[""Bus (103).jpg"", ""Bridge (80).jpg"", ""Bicycle (155).jpg"", ""Tlight (113).jpg"", ""Bicycle (229).jpg"", ""Chimney (22).jpg"", ""Bicycle (125).jpg"", ""Bridge (23).jpg"", ""Bus (72).jpg""]","[""D"", ""D"", ""T"", ""D"", ""T"", ""D"", ""T"", ""D"", ""D""]","[0, 2, 4, 6]","[""Bus (103).jpg"", ""Bicycle (155).jpg"", ""Bicycle (229).jpg"", ""Bicycle (125).jpg""]",755,7,5,10,submit,
121e88c44bb24c3fac7a01bf04bdb03f,captcha_pre,21,19,female,2026-04-28T13:06:13.886,2026-04-28T13:06:17.082,3.196,8,0,Click on the images containing bicycles.,"[""Tlight (116).jpg"", ""Tlight (20).jpg"", ""Hydrant (135).jpg"", ""Cross (8).jpg"", ""Cross (68).jpg"", ""Bicycle (326).jpg"", ""Chimney (33).jpg"", ""Bicycle (688).jpg"", ""Bicycle (527).jpg""]","[""D"", ""D"", ""D"", ""D"", ""D"", ""T"", ""D"", ""T"", ""T""]","[5, 8]","[""Bicycle (326).jpg"", ""Bicycle (527).jpg""]",752,8,5,10,submit,
121e88c44bb24c3fac7a01bf04bdb03f,captcha_pre,21,19,female,2026-04-28T13:06:19.088,2026-04-28T13:06:27.830,8.742,9,1,Click on the images containing bicycles.,"[""Bicycle (638).jpg"", ""Chimney (99).jpg"", ""Bicycle (715).jpg"", ""Bridge (48).jpg"", ""Bicycle (277).jpg"", ""Bicycle (547).jpg"", ""Hydrant (22).jpg"", ""Chimney (2).jpg"", ""Bridge (88).jpg""]","[""T"", ""D"", ""T"", ""D"", ""T"", ""T"", ""D"", ""D"", ""D""]","[0, 2, 4, 5]","[""Bicycle (638).jpg"", ""Bicycle (715).jpg"", ""Bicycle (277).jpg"", ""Bicycle (547).jpg""]",748,9,6,10,submit,
121e88c44bb24c3fac7a01bf04bdb03f,captcha_pre,21,19,female,2026-04-28T13:06:27.835,2026-04-28T13:06:34.202,6.367,10,1,Click on the images containing bicycles.,"[""Cross (71).jpg"", ""Car (79).jpg"", ""Tlight (45).jpg"", ""Bicycle (293).jpg"", ""Hydrant (121).jpg"", ""Bicycle (648).jpg"", ""Stair (1052).jpg"", ""Hydrant (51).jpg"", ""Bicycle (439).jpg""]","[""D"", ""D"", ""D"", ""T"", ""D"", ""T"", ""D"", ""D"", ""T""]","[3, 5, 8]","[""Bicycle (293).jpg"", ""Bicycle (648).jpg"", ""Bicycle (439).jpg""]",745,10,7,10,submit,
121e88c44bb24c3fac7a01bf04bdb03f,captcha_pre,21,19,female,2026-04-28T13:06:34.206,2026-04-28T13:06:43.866,9.66,11,1,Click on the images containing bicycles.,"[""Car (119).jpg"", ""Bicycle (33).jpg"", ""Bicycle (564).jpg"", ""Cross (22).jpg"", ""Cross (28).jpg"", ""Chimney (47).jpg"", ""Car (40).jpg"", ""Bicycle (504).jpg"", ""Bicycle (27).jpg""]","[""D"", ""T"", ""T"", ""D"", ""D"", ""D"", ""D"", ""T"", ""T""]","[1, 2, 7, 8]","[""Bicycle (33).jpg"", ""Bicycle (564).jpg"", ""Bicycle (504).jpg"", ""Bicycle (27).jpg""]",741,11,8,10,submit,
121e88c44bb24c3fac7a01bf04bdb03f,captcha_pre,21,19,female,2026-04-28T13:06:43.869,2026-04-28T13:06:49.689,5.82,12,1,Click on the images containing bicycles.,"[""Car (50).jpg"", ""Palm (141).jpg"", ""Bicycle (17).jpg"", ""Stair (1434).jpg"", ""Bridge (92).jpg"", ""Bicycle (380).jpg"", ""Bridge (130).jpg"", ""Bus (128).jpg"", ""Bicycle (291).jpg""]","[""D"", ""D"", ""T"", ""D"", ""D"", ""T"", ""D"", ""D"", ""T""]","[2, 5, 8]","[""Bicycle (17).jpg"", ""Bicycle (380).jpg"", ""Bicycle (291).jpg""]",738,12,9,10,submit,
121e88c44bb24c3fac7a01bf04bdb03f,captcha_pre,21,19,female,2026-04-28T13:06:49.692,2026-04-28T13:06:55.234,5.542,13,0,Click on the images containing bicycles.,"[""Bridge (87).jpg"", ""Bridge (44).jpg"", ""Palm (54).jpg"", ""Bicycle (665).jpg"", ""Bicycle (429).jpg"", ""Stair (236).jpg"", ""Car (100).jpg"", ""Bicycle (621).jpg"", ""Bus (104).jpg""]","[""D"", ""D"", ""D"", ""T"", ""T"", ""D"", ""D"", ""T"", ""D""]","[3, 7]","[""Bicycle (665).jpg"", ""Bicycle (621).jpg""]",735,13,9,10,submit,
121e88c44bb24c3fac7a01bf04bdb03f,captcha_pre,21,19,female,2026-04-28T13:06:57.245,2026-04-28T13:07:02.906,5.661,14,1,Click on the images containing bicycles.,"[""Cross (7).jpg"", ""Car (92).jpg"", ""Bicycle (119).jpg"", ""Bicycle (771).jpg"", ""Hydrant (137).jpg"", ""Bridge (73).jpg"", ""Bicycle (433).jpg"", ""Stair (1455).jpg"", ""Palm (88).jpg""]","[""D"", ""D"", ""T"", ""T"", ""D"", ""D"", ""T"", ""D"", ""D""]","[2, 3, 6]","[""Bicycle (119).jpg"", ""Bicycle (771).jpg"", ""Bicycle (433).jpg""]",732,14,10,10,submit,
121e88c44bb24c3fac7a01bf04bdb03f,captcha_pre,21,19,female,2026-04-28T13:06:57.245,2026-04-28T13:07:07.083,9.838,14,,Click on the images containing bicycles.,[],[],[],[],732,14,10,10,finish,"{""status"": ""complete"", ""reason"": ""stage_finish""}"
121e88c44bb24c3fac7a01bf04bdb03f,q_pre_captcha,21,19,female,2026-04-28T13:07:07.089,2026-04-28T13:07:31.058,23.969,,,,,,,,,,,,submit,"{""captcha_task_fun"": ""5"", ""captcha_task_enjoyment"": ""5"", ""general_captcha_liking"": ""4"", ""captcha_task_meaningfulness"": ""4"", ""captcha_task_difficulty"": ""3""}"
121e88c44bb24c3fac7a01bf04bdb03f,q_pre_idaq,21,19,female,2026-04-28T13:07:31.067,2026-04-28T13:10:36.814,185.747,,,,,,,,,,,,submit,"{""idaq_6"": ""6"", ""idaq_7"": ""1"", ""idaq_18"": ""4"", ""idaq_24"": ""4"", ""idaq_2"": ""7"", ""idaq_16"": ""9"", ""idaq_19"": ""9"", ""idaq_26"": ""1"", ""idaq_13"": ""1"", ""idaq_15"": ""1"", ""idaq_23"": ""3"", ""idaq_28"": ""7"", ""idaq_4"": ""7"", ""idaq_5"": ""9"", ""idaq_17"": ""4"", ""idaq_20"": ""7"", ""idaq_10"": ""5"", ""idaq_22"": ""6"", ""idaq_9"": ""2"", ""idaq_27"": ""7"", ""idaq_1"": ""2"", ""idaq_25"": ""6"", ""idaq_29"": ""8"", ""idaq_11"": ""1"", ""idaq_8"": ""3"", ""idaq_21"": ""6"", ""idaq_12"": ""8"", ""idaq_30"": ""8"", ""idaq_14"": ""5"", ""idaq_3"": ""2""}"
121e88c44bb24c3fac7a01bf04bdb03f,q_pre_2050,21,19,female,2026-04-28T13:10:36.823,2026-04-28T13:13:08.079,151.256,,,,,,,,,,,,submit,"{""2050_mannequins"": ""6"", ""2050_school"": ""3"", ""2050_rubbish_collectors"": ""5"", ""2050_crime"": ""6"", ""2050_experiments"": ""2"", ""2050_shelters"": ""2"", ""2050_rights"": ""2"", ""2050_hiking"": ""3"", ""2050_neurosurgery"": ""2"", ""2050_nursing_home"": ""4"", ""2050_police"": ""2"", ""2050_sports"": ""3"", ""2050_flight_attendants"": ""2"", ""2050_art"": ""5"", ""2050_other_worlds"": ""4""}"
121e88c44bb24c3fac7a01bf04bdb03f,q_post_gators,21,19,female,2026-04-28T13:29:22.885,2026-04-28T13:31:17.354,114.469,,,,,,,,,,,,submit,"{""gators_9"": ""3"", ""gators_14"": ""4"", ""gators_4"": ""4"", ""gators_19"": ""4"", ""gators_5"": ""5"", ""gators_8"": ""3"", ""gators_1"": ""6"", ""gators_7"": ""4"", ""gators_15"": ""5"", ""gators_2"": ""3"", ""gators_20"": ""5"", ""gators_11"": ""4"", ""gators_3"": ""4"", ""gators_6"": ""3"", ""gators_17"": ""5"", ""gators_13"": ""5"", ""gators_18"": ""5"", ""gators_16"": ""5"", ""gators_12"": ""5"", ""gators_10"": ""2""}"
121e88c44bb24c3fac7a01bf04bdb03f,q_post_specific,21,19,female,2026-04-28T13:31:17.362,2026-04-28T13:31:44.657,27.295,,,,,,,,,,,,submit,"{""mentacy_belief"": ""0"", ""belief_confidence"": ""3"", ""robot_empathy"": ""4"", ""robot_friendliness"": ""6"", ""conversation_interestingness"": ""5"", ""robot_likeability"": ""6""}"
121e88c44bb24c3fac7a01bf04bdb03f,captcha_post,21,19,female,2026-04-28T13:31:44.690,,,0,,Click on the images containing bicycles.,,,,,780,0,0,1000,enter,
121e88c44bb24c3fac7a01bf04bdb03f,captcha_post,21,19,female,2026-04-28T13:31:44.709,2026-04-28T13:31:56.464,11.755,1,1,Click on the images containing bicycles.,"[""Bicycle (611).jpg"", ""Bus (68).jpg"", ""Bicycle (227).jpg"", ""Cross (66).jpg"", ""Palm (76).jpg"", ""Car (54).jpg"", ""Hydrant (138).jpg"", ""Bicycle (36).jpg"", ""Hydrant (92).jpg""]","[""T"", ""D"", ""T"", ""D"", ""D"", ""D"", ""D"", ""T"", ""D""]","[0, 2, 7]","[""Bicycle (611).jpg"", ""Bicycle (227).jpg"", ""Bicycle (36).jpg""]",777,1,1,1000,submit,
121e88c44bb24c3fac7a01bf04bdb03f,captcha_post,21,19,female,2026-04-28T13:31:56.481,2026-04-28T13:32:03.344,6.863,2,1,Click on the images containing bicycles.,"[""Palm (93).jpg"", ""Bicycle (113).jpg"", ""Bicycle (37).jpg"", ""Bicycle (644).jpg"", ""Bus (76).jpg"", ""Car (82).jpg"", ""Stair (1000).jpg"", ""Cross (119).jpg"", ""Stair (1463).jpg""]","[""D"", ""T"", ""T"", ""T"", ""D"", ""D"", ""D"", ""D"", ""D""]","[1, 2, 3]","[""Bicycle (113).jpg"", ""Bicycle (37).jpg"", ""Bicycle (644).jpg""]",774,2,2,1000,submit,
121e88c44bb24c3fac7a01bf04bdb03f,captcha_post,21,19,female,2026-04-28T13:32:03.348,2026-04-28T13:32:10.185,6.837,3,1,Click on the images containing bicycles.,"[""Bicycle (365).jpg"", ""Tlight (6).jpg"", ""Bicycle (427).jpg"", ""Car (22).jpg"", ""Bicycle (482).jpg"", ""Tlight (72).jpg"", ""Tlight (87).jpg"", ""Tlight (8).jpg"", ""Bicycle (226).jpg""]","[""T"", ""D"", ""T"", ""D"", ""T"", ""D"", ""D"", ""D"", ""T""]","[0, 2, 4, 8]","[""Bicycle (365).jpg"", ""Bicycle (427).jpg"", ""Bicycle (482).jpg"", ""Bicycle (226).jpg""]",770,3,3,1000,submit,
121e88c44bb24c3fac7a01bf04bdb03f,captcha_post,21,19,female,2026-04-28T13:32:10.191,2026-04-28T13:32:18.162,7.971,4,1,Click on the images containing bicycles.,"[""Tlight (7).jpg"", ""Bicycle (21).jpg"", ""Cross (51).jpg"", ""Car (35).jpg"", ""Bicycle (455).jpg"", ""Bridge (120).jpg"", ""Stair (1134).jpg"", ""Bicycle (571).jpg"", ""Bicycle (453).jpg""]","[""D"", ""T"", ""D"", ""D"", ""T"", ""D"", ""D"", ""T"", ""T""]","[1, 4, 7, 8]","[""Bicycle (21).jpg"", ""Bicycle (455).jpg"", ""Bicycle (571).jpg"", ""Bicycle (453).jpg""]",766,4,4,1000,submit,
121e88c44bb24c3fac7a01bf04bdb03f,captcha_post,21,19,female,2026-04-28T13:32:18.166,2026-04-28T13:32:26.290,8.124,5,1,Click on the images containing bicycles.,"[""Bicycle (140).jpg"", ""Cross (87).jpg"", ""Chimney (108).jpg"", ""Bicycle (727).jpg"", ""Tlight (98).jpg"", ""Palm (72).jpg"", ""Palm (7).jpg"", ""Bicycle (638).jpg"", ""Cross (54).jpg""]","[""T"", ""D"", ""D"", ""T"", ""D"", ""D"", ""D"", ""T"", ""D""]","[0, 3, 7]","[""Bicycle (140).jpg"", ""Bicycle (727).jpg"", ""Bicycle (638).jpg""]",763,5,5,1000,submit,
121e88c44bb24c3fac7a01bf04bdb03f,captcha_post,21,19,female,2026-04-28T13:32:26.293,2026-04-28T13:32:34.309,8.016,6,0,Click on the images containing bicycles.,"[""Hydrant (74).jpg"", ""Chimney (44).jpg"", ""Bicycle (311).jpg"", ""Hydrant (93).jpg"", ""Bicycle (92).jpg"", ""Bicycle (20).jpg"", ""Bicycle (259).jpg"", ""Bicycle (363).jpg"", ""Bridge (113).jpg""]","[""D"", ""D"", ""T"", ""D"", ""T"", ""T"", ""T"", ""T"", ""D""]","[2, 4, 5, 7]","[""Bicycle (311).jpg"", ""Bicycle (92).jpg"", ""Bicycle (20).jpg"", ""Bicycle (363).jpg""]",758,6,5,1000,submit,
121e88c44bb24c3fac7a01bf04bdb03f,captcha_post,21,19,female,2026-04-28T13:32:36.314,2026-04-28T13:32:42.355,6.041,7,1,Click on the images containing bicycles.,"[""Bicycle (370).jpg"", ""Tlight (73).jpg"", ""Chimney (58).jpg"", ""Cross (28).jpg"", ""Chimney (24).jpg"", ""Hydrant (126).jpg"", ""Bicycle (291).jpg"", ""Bridge (104).jpg"", ""Bicycle (461).jpg""]","[""T"", ""D"", ""D"", ""D"", ""D"", ""D"", ""T"", ""D"", ""T""]","[0, 6, 8]","[""Bicycle (370).jpg"", ""Bicycle (291).jpg"", ""Bicycle (461).jpg""]",755,7,6,1000,submit,
121e88c44bb24c3fac7a01bf04bdb03f,captcha_post,21,19,female,2026-04-28T13:32:42.359,2026-04-28T13:32:48.506,6.147,8,1,Click on the images containing bicycles.,"[""Tlight (59).jpg"", ""Tlight (97).jpg"", ""Bicycle (317).jpg"", ""Bicycle (467).jpg"", ""Bicycle (225).jpg"", ""Bicycle (292).jpg"", ""Bicycle (109).jpg"", ""Cross (103).jpg"", ""Hydrant (122).jpg""]","[""D"", ""D"", ""T"", ""T"", ""T"", ""T"", ""T"", ""D"", ""D""]","[2, 3, 4, 5, 6]","[""Bicycle (317).jpg"", ""Bicycle (467).jpg"", ""Bicycle (225).jpg"", ""Bicycle (292).jpg"", ""Bicycle (109).jpg""]",750,8,7,1000,submit,
121e88c44bb24c3fac7a01bf04bdb03f,captcha_post,21,19,female,2026-04-28T13:32:48.510,2026-04-28T13:32:53.465,4.955,9,1,Click on the images containing bicycles.,"[""Bicycle (557).jpg"", ""Bicycle (615).jpg"", ""Cross (67).jpg"", ""Cross (70).jpg"", ""Hydrant (23).jpg"", ""Stair (1191).jpg"", ""Cross (39).jpg"", ""Hydrant (54).jpg"", ""Bicycle (30).jpg""]","[""T"", ""T"", ""D"", ""D"", ""D"", ""D"", ""D"", ""D"", ""T""]","[0, 1, 8]","[""Bicycle (557).jpg"", ""Bicycle (615).jpg"", ""Bicycle (30).jpg""]",747,9,8,1000,submit,
121e88c44bb24c3fac7a01bf04bdb03f,captcha_post,21,19,female,2026-04-28T13:32:53.468,2026-04-28T13:32:58.875,5.407,10,1,Click on the images containing bicycles.,"[""Car (48).jpg"", ""Bicycle (300).jpg"", ""Bicycle (304).jpg"", ""Bicycle (568).jpg"", ""Palm (60).jpg"", ""Bicycle (573).jpg"", ""Stair (1358).jpg"", ""Bus (140).jpg"", ""Chimney (84).jpg""]","[""D"", ""T"", ""T"", ""T"", ""D"", ""T"", ""D"", ""D"", ""D""]","[1, 2, 3, 5]","[""Bicycle (300).jpg"", ""Bicycle (304).jpg"", ""Bicycle (568).jpg"", ""Bicycle (573).jpg""]",743,10,9,1000,submit,
121e88c44bb24c3fac7a01bf04bdb03f,captcha_post,21,19,female,2026-04-28T13:32:58.878,2026-04-28T13:33:05.681,6.803,11,1,Click on the images containing bicycles.,"[""Cross (50).jpg"", ""Bicycle (616).jpg"", ""Bicycle (416).jpg"", ""Hydrant (107).jpg"", ""Bicycle (360).jpg"", ""Bicycle (610).jpg"", ""Bicycle (462).jpg"", ""Palm (50).jpg"", ""Tlight (93).jpg""]","[""D"", ""T"", ""T"", ""D"", ""T"", ""T"", ""T"", ""D"", ""D""]","[1, 2, 4, 5, 6]","[""Bicycle (616).jpg"", ""Bicycle (416).jpg"", ""Bicycle (360).jpg"", ""Bicycle (610).jpg"", ""Bicycle (462).jpg""]",738,11,10,1000,submit,
121e88c44bb24c3fac7a01bf04bdb03f,captcha_post,21,19,female,2026-04-28T13:33:05.683,2026-04-28T13:33:13.069,7.386,12,1,Click on the images containing bicycles.,"[""Palm (70).jpg"", ""Bicycle (51).jpg"", ""Bridge (91).jpg"", ""Bicycle (306).jpg"", ""Bicycle (355).jpg"", ""Cross (47).jpg"", ""Cross (6).jpg"", ""Bicycle (165).jpg"", ""Palm (90).jpg""]","[""D"", ""T"", ""D"", ""T"", ""T"", ""D"", ""D"", ""T"", ""D""]","[1, 3, 4, 7]","[""Bicycle (51).jpg"", ""Bicycle (306).jpg"", ""Bicycle (355).jpg"", ""Bicycle (165).jpg""]",734,12,11,1000,submit,
121e88c44bb24c3fac7a01bf04bdb03f,captcha_post,21,19,female,2026-04-28T13:33:13.077,2026-04-28T13:33:18.569,5.492,13,1,Click on the images containing bicycles.,"[""Chimney (118).jpg"", ""Car (130).jpg"", ""Bicycle (34).jpg"", ""Bicycle (396).jpg"", ""Cross (61).jpg"", ""Bus (26).jpg"", ""Bus (49).jpg"", ""Stair (788).jpg"", ""Bicycle (484).jpg""]","[""D"", ""D"", ""T"", ""T"", ""D"", ""D"", ""D"", ""D"", ""T""]","[2, 3, 8]","[""Bicycle (34).jpg"", ""Bicycle (396).jpg"", ""Bicycle (484).jpg""]",731,13,12,1000,submit,
121e88c44bb24c3fac7a01bf04bdb03f,captcha_post,21,19,female,2026-04-28T13:33:18.576,2026-04-28T13:33:24.211,5.635,14,1,Click on the images containing bicycles.,"[""Bus (82).jpg"", ""Bicycle (105).jpg"", ""Chimney (42).jpg"", ""Stair (331).jpg"", ""Bicycle (369).jpg"", ""Bicycle (43).jpg"", ""Bicycle (368).jpg"", ""Cross (92).jpg"", ""Bicycle (698).jpg""]","[""D"", ""T"", ""D"", ""D"", ""T"", ""T"", ""T"", ""D"", ""T""]","[1, 4, 5, 6, 8]","[""Bicycle (105).jpg"", ""Bicycle (369).jpg"", ""Bicycle (43).jpg"", ""Bicycle (368).jpg"", ""Bicycle (698).jpg""]",726,14,13,1000,submit,
121e88c44bb24c3fac7a01bf04bdb03f,captcha_post,21,19,female,2026-04-28T13:33:24.214,2026-04-28T13:33:28.395,4.181,15,1,Click on the images containing bicycles.,"[""Bicycle (605).jpg"", ""Bicycle (154).jpg"", ""Car (42).jpg"", ""Stair (253).jpg"", ""Car (67).jpg"", ""Bicycle (695).jpg"", ""Tlight (89).jpg"", ""Stair (312).jpg"", ""Tlight (46).jpg""]","[""T"", ""T"", ""D"", ""D"", ""D"", ""T"", ""D"", ""D"", ""D""]","[0, 1, 5]","[""Bicycle (605).jpg"", ""Bicycle (154).jpg"", ""Bicycle (695).jpg""]",723,15,14,1000,submit,
121e88c44bb24c3fac7a01bf04bdb03f,captcha_post,21,19,female,2026-04-28T13:33:28.398,2026-04-28T13:33:35.866,7.468,16,1,Click on the images containing bicycles.,"[""Bicycle (761).jpg"", ""Stair (38).jpg"", ""Cross (71).jpg"", ""Tlight (58).jpg"", ""Bicycle (361).jpg"", ""Chimney (13).jpg"", ""Bicycle (85).jpg"", ""Cross (76).jpg"", ""Chimney (127).jpg""]","[""T"", ""D"", ""D"", ""D"", ""T"", ""D"", ""T"", ""D"", ""D""]","[0, 4, 6]","[""Bicycle (761).jpg"", ""Bicycle (361).jpg"", ""Bicycle (85).jpg""]",720,16,15,1000,submit,
121e88c44bb24c3fac7a01bf04bdb03f,captcha_post,21,19,female,2026-04-28T13:33:35.869,2026-04-28T13:33:44.378,8.509,17,1,Click on the images containing bicycles.,"[""Bicycle (2).jpg"", ""Bicycle (193).jpg"", ""Bridge (41).jpg"", ""Bicycle (707).jpg"", ""Bicycle (5).jpg"", ""Car (63).jpg"", ""Bicycle (293).jpg"", ""Palm (92).jpg"", ""Bridge (65).jpg""]","[""T"", ""T"", ""D"", ""T"", ""T"", ""D"", ""T"", ""D"", ""D""]","[0, 1, 3, 4, 6]","[""Bicycle (2).jpg"", ""Bicycle (193).jpg"", ""Bicycle (707).jpg"", ""Bicycle (5).jpg"", ""Bicycle (293).jpg""]",715,17,16,1000,submit,
121e88c44bb24c3fac7a01bf04bdb03f,captcha_post,21,19,female,2026-04-28T13:33:44.383,2026-04-28T13:33:52.035,7.652,18,1,Click on the images containing bicycles.,"[""Bicycle (394).jpg"", ""Bus (115).jpg"", ""Bus (61).jpg"", ""Bicycle (600).jpg"", ""Bicycle (241).jpg"", ""Hydrant (28).jpg"", ""Hydrant (132).jpg"", ""Bridge (79).jpg"", ""Bicycle (554).jpg""]","[""T"", ""D"", ""D"", ""T"", ""T"", ""D"", ""D"", ""D"", ""T""]","[0, 3, 4, 8]","[""Bicycle (394).jpg"", ""Bicycle (600).jpg"", ""Bicycle (241).jpg"", ""Bicycle (554).jpg""]",711,18,17,1000,submit,
121e88c44bb24c3fac7a01bf04bdb03f,captcha_post,21,19,female,2026-04-28T13:33:52.039,2026-04-28T13:33:58.515,6.476,19,1,Click on the images containing bicycles.,"[""Chimney (33).jpg"", ""Hydrant (63).jpg"", ""Bicycle (675).jpg"", ""Hydrant (104).jpg"", ""Tlight (13).jpg"", ""Bicycle (714).jpg"", ""Bicycle (585).jpg"", ""Bicycle (111).jpg"", ""Bicycle (214).jpg""]","[""D"", ""D"", ""T"", ""D"", ""D"", ""T"", ""T"", ""T"", ""T""]","[2, 5, 6, 7, 8]","[""Bicycle (675).jpg"", ""Bicycle (714).jpg"", ""Bicycle (585).jpg"", ""Bicycle (111).jpg"", ""Bicycle (214).jpg""]",706,19,18,1000,submit,
121e88c44bb24c3fac7a01bf04bdb03f,captcha_post,21,19,female,2026-04-28T13:33:58.518,2026-04-28T13:34:06.853,8.335,20,1,Click on the images containing bicycles.,"[""Palm (58).jpg"", ""Chimney (92).jpg"", ""Palm (4).jpg"", ""Bus (37).jpg"", ""Bridge (75).jpg"", ""Bicycle (666).jpg"", ""Bicycle (685).jpg"", ""Bicycle (308).jpg"", ""Hydrant (22).jpg""]","[""D"", ""D"", ""D"", ""D"", ""D"", ""T"", ""T"", ""T"", ""D""]","[5, 6, 7]","[""Bicycle (666).jpg"", ""Bicycle (685).jpg"", ""Bicycle (308).jpg""]",703,20,19,1000,submit,
121e88c44bb24c3fac7a01bf04bdb03f,captcha_post,21,19,female,2026-04-28T13:34:06.858,2026-04-28T13:34:14.065,7.207,21,1,Click on the images containing bicycles.,"[""Bicycle (458).jpg"", ""Bicycle (146).jpg"", ""Bicycle (433).jpg"", ""Bridge (54).jpg"", ""Stair (1388).jpg"", ""Cross (106).jpg"", ""Stair (1422).jpg"", ""Hydrant (83).jpg"", ""Bicycle (7).jpg""]","[""T"", ""T"", ""T"", ""D"", ""D"", ""D"", ""D"", ""D"", ""T""]","[0, 1, 2, 8]","[""Bicycle (458).jpg"", ""Bicycle (146).jpg"", ""Bicycle (433).jpg"", ""Bicycle (7).jpg""]",699,21,20,1000,submit,
121e88c44bb24c3fac7a01bf04bdb03f,captcha_post,21,19,female,2026-04-28T13:34:14.068,2026-04-28T13:34:26.835,12.767,22,1,Click on the images containing bicycles.,"[""Palm (3).jpg"", ""Bicycle (324).jpg"", ""Bicycle (274).jpg"", ""Hydrant (137).jpg"", ""Hydrant (90).jpg"", ""Bridge (131).jpg"", ""Bicycle (406).jpg"", ""Bicycle (563).jpg"", ""Tlight (138).jpg""]","[""D"", ""T"", ""T"", ""D"", ""D"", ""D"", ""T"", ""T"", ""D""]","[1, 2, 6, 7]","[""Bicycle (324).jpg"", ""Bicycle (274).jpg"", ""Bicycle (406).jpg"", ""Bicycle (563).jpg""]",695,22,21,1000,submit,
121e88c44bb24c3fac7a01bf04bdb03f,captcha_post,21,19,female,2026-04-28T13:34:26.838,2026-04-28T13:34:32.833,5.995,23,1,Click on the images containing bicycles.,"[""Hydrant (91).jpg"", ""Bicycle (608).jpg"", ""Tlight (112).jpg"", ""Hydrant (34).jpg"", ""Bridge (35).jpg"", ""Bus (100).jpg"", ""Palm (123).jpg"", ""Bicycle (562).jpg"", ""Bicycle (245).jpg""]","[""D"", ""T"", ""D"", ""D"", ""D"", ""D"", ""D"", ""T"", ""T""]","[1, 7, 8]","[""Bicycle (608).jpg"", ""Bicycle (562).jpg"", ""Bicycle (245).jpg""]",692,23,22,1000,submit,
121e88c44bb24c3fac7a01bf04bdb03f,captcha_post,21,19,female,2026-04-28T13:34:32.836,2026-04-28T13:34:38.761,5.925,24,0,Click on the images containing bicycles.,"[""Bicycle (556).jpg"", ""Bicycle (479).jpg"", ""Bus (38).jpg"", ""Bicycle (425).jpg"", ""Car (66).jpg"", ""Bicycle (345).jpg"", ""Bicycle (539).jpg"", ""Car (58).jpg"", ""Palm (104).jpg""]","[""T"", ""T"", ""D"", ""T"", ""D"", ""T"", ""T"", ""D"", ""D""]","[0, 1, 5, 6]","[""Bicycle (556).jpg"", ""Bicycle (479).jpg"", ""Bicycle (345).jpg"", ""Bicycle (539).jpg""]",687,24,22,1000,submit,
121e88c44bb24c3fac7a01bf04bdb03f,captcha_post,21,19,female,2026-04-28T13:34:40.766,2026-04-28T13:34:48.961,8.195,25,1,Click on the images containing bicycles.,"[""Car (64).jpg"", ""Bicycle (721).jpg"", ""Bicycle (322).jpg"", ""Bicycle (689).jpg"", ""Cross (77).jpg"", ""Chimney (62).jpg"", ""Bicycle (618).jpg"", ""Bicycle (70).jpg"", ""Bridge (114).jpg""]","[""D"", ""T"", ""T"", ""T"", ""D"", ""D"", ""T"", ""T"", ""D""]","[1, 2, 3, 6, 7]","[""Bicycle (721).jpg"", ""Bicycle (322).jpg"", ""Bicycle (689).jpg"", ""Bicycle (618).jpg"", ""Bicycle (70).jpg""]",682,25,23,1000,submit,
121e88c44bb24c3fac7a01bf04bdb03f,captcha_post,21,19,female,2026-04-28T13:34:48.964,2026-04-28T13:34:58.788,9.824,26,1,Click on the images containing bicycles.,"[""Tlight (2).jpg"", ""Chimney (113).jpg"", ""Bus (96).jpg"", ""Bicycle (629).jpg"", ""Bicycle (624).jpg"", ""Palm (19).jpg"", ""Car (101).jpg"", ""Bicycle (63).jpg"", ""Bicycle (708).jpg""]","[""D"", ""D"", ""D"", ""T"", ""T"", ""D"", ""D"", ""T"", ""T""]","[3, 4, 7, 8]","[""Bicycle (629).jpg"", ""Bicycle (624).jpg"", ""Bicycle (63).jpg"", ""Bicycle (708).jpg""]",678,26,24,1000,submit,
121e88c44bb24c3fac7a01bf04bdb03f,captcha_post,21,19,female,2026-04-28T13:34:58.792,2026-04-28T13:35:07.746,8.954,27,1,Click on the images containing bicycles.,"[""Bus (72).jpg"", ""Palm (42).jpg"", ""Car (69).jpg"", ""Bicycle (392).jpg"", ""Bicycle (100).jpg"", ""Bicycle (381).jpg"", ""Tlight (54).jpg"", ""Bicycle (375).jpg"", ""Bicycle (706).jpg""]","[""D"", ""D"", ""D"", ""T"", ""T"", ""T"", ""D"", ""T"", ""T""]","[3, 4, 5, 7, 8]","[""Bicycle (392).jpg"", ""Bicycle (100).jpg"", ""Bicycle (381).jpg"", ""Bicycle (375).jpg"", ""Bicycle (706).jpg""]",673,27,25,1000,submit,
121e88c44bb24c3fac7a01bf04bdb03f,captcha_post,21,19,female,2026-04-28T13:35:07.750,2026-04-28T13:35:16.146,8.396,28,1,Click on the images containing bicycles.,"[""Bicycle (509).jpg"", ""Stair (219).jpg"", ""Bicycle (553).jpg"", ""Cross (78).jpg"", ""Car (60).jpg"", ""Bicycle (185).jpg"", ""Car (103).jpg"", ""Car (133).jpg"", ""Bicycle (121).jpg""]","[""T"", ""D"", ""T"", ""D"", ""D"", ""T"", ""D"", ""D"", ""T""]","[0, 2, 5, 8]","[""Bicycle (509).jpg"", ""Bicycle (553).jpg"", ""Bicycle (185).jpg"", ""Bicycle (121).jpg""]",669,28,26,1000,submit,
121e88c44bb24c3fac7a01bf04bdb03f,captcha_post,21,19,female,2026-04-28T13:35:16.150,2026-04-28T13:35:22.843,6.693,29,1,Click on the images containing bicycles.,"[""Car (100).jpg"", ""Bicycle (750).jpg"", ""Car (29).jpg"", ""Bridge (52).jpg"", ""Bus (113).jpg"", ""Chimney (8).jpg"", ""Bus (110).jpg"", ""Bicycle (388).jpg"", ""Bicycle (277).jpg""]","[""D"", ""T"", ""D"", ""D"", ""D"", ""D"", ""D"", ""T"", ""T""]","[1, 7, 8]","[""Bicycle (750).jpg"", ""Bicycle (388).jpg"", ""Bicycle (277).jpg""]",666,29,27,1000,submit,
121e88c44bb24c3fac7a01bf04bdb03f,captcha_post,21,19,female,2026-04-28T13:35:22.846,2026-04-28T13:35:28.554,5.708,30,1,Click on the images containing bicycles.,"[""Bicycle (588).jpg"", ""Hydrant (31).jpg"", ""Stair (1454).jpg"", ""Bridge (110).jpg"", ""Cross (117).jpg"", ""Bicycle (301).jpg"", ""Palm (85).jpg"", ""Chimney (1).jpg"", ""Bicycle (756).jpg""]","[""T"", ""D"", ""D"", ""D"", ""D"", ""T"", ""D"", ""D"", ""T""]","[0, 5, 8]","[""Bicycle (588).jpg"", ""Bicycle (301).jpg"", ""Bicycle (756).jpg""]",663,30,28,1000,submit,
121e88c44bb24c3fac7a01bf04bdb03f,captcha_post,21,19,female,2026-04-28T13:35:28.561,2026-04-28T13:35:35.060,6.499,31,1,Click on the images containing bicycles.,"[""Bicycle (672).jpg"", ""Car (49).jpg"", ""Hydrant (55).jpg"", ""Stair (1060).jpg"", ""Bicycle (767).jpg"", ""Stair (136).jpg"", ""Bicycle (119).jpg"", ""Car (34).jpg"", ""Chimney (23).jpg""]","[""T"", ""D"", ""D"", ""D"", ""T"", ""D"", ""T"", ""D"", ""D""]","[0, 4, 6]","[""Bicycle (672).jpg"", ""Bicycle (767).jpg"", ""Bicycle (119).jpg""]",660,31,29,1000,submit,
121e88c44bb24c3fac7a01bf04bdb03f,captcha_post,21,19,female,2026-04-28T13:35:35.065,2026-04-28T13:35:37.787,2.722,32,,Click on the images containing bicycles.,"[""Bicycle (586).jpg"", ""Stair (165).jpg"", ""Cross (90).jpg"", ""Bridge (30).jpg"", ""Bicycle (420).jpg"", ""Bicycle (777).jpg"", ""Bicycle (190).jpg"", ""Bicycle (382).jpg"", ""Tlight (60).jpg""]","[""T"", ""D"", ""D"", ""D"", ""T"", ""T"", ""T"", ""T"", ""D""]",[],[],655,31,29,1000,escape,"{""status"": ""incomplete"", ""reason"": ""escape_key"", ""had_active_captcha"": true}"
121e88c44bb24c3fac7a01bf04bdb03f,captcha_post,21,19,female,2026-04-28T13:35:35.065,2026-04-28T13:35:37.792,2.727,32,,Click on the images containing bicycles.,[],[],[],[],655,31,29,1000,finish,"{""status"": ""complete"", ""reason"": ""stage_finish""}"
