exp_sid,participant_numbers_in_rows,analysis_participant_number,n_rows,stage_ids,conversation_gap_sec,voice_to_post_gap_sec,voice_metadata_file,dialogue_file,dialogue_line_count,voice_metadata_exp_sid,voice_metadata_participant_number,voice_copied_at,voice_source_session_dir,excluded_from_simplified,voice_metrics_valid,audit_warnings,analysis_note
d4f017f131894c6480ae173727b7aa15,1,1,48,captcha_post|captcha_pre|q_post_gators|q_post_specific|q_pre_2050|q_pre_captcha|q_pre_idaq,7.592,,,,,,,,,False,True,short_pre_to_post_gap|missing_dialogue_file,
0991825287e24a6fa95fce328622b05f,2,2,37,captcha_post|captcha_pre|q_post_gators|q_post_specific|q_pre_2050|q_pre_captcha|q_pre_idaq,793.996,0.012,P002_09918252_voice_session_metadata.json,P002_09918252_session_dialogue.txt,50.0,0991825287e24a6fa95fce328622b05f,2,2026-04-21T11:23:11.825,session_20260421_105621,False,True,,
dcb449585f9c4ccdb12eedf96ccd1d55,3,3,31,captcha_post|captcha_pre|q_post_gators|q_post_specific|q_pre_2050|q_pre_captcha|q_pre_idaq,1414.792,0.011,P003_dcb44958_voice_session_metadata.json,P003_dcb44958_session_dialogue.txt,45.0,dcb449585f9c4ccdb12eedf96ccd1d55,3,2026-04-21T12:36:13.691,session_20260421_115343,False,True,,
f421afa804904223a83d5009309f4859,4,4,113,captcha_post|captcha_pre|q_post_gators|q_post_specific|q_pre_2050|q_pre_captcha|q_pre_idaq,1228.085,,,,,,,,,False,True,missing_dialogue_file,
0955eb67041143128a2b1b26ee7d4ebe,6,6,54,captcha_post|captcha_pre|q_post_gators|q_post_specific|q_pre_2050|q_pre_captcha|q_pre_idaq,842.632,0.014,P006_0955eb67_voice_session_metadata.json,P006_0955eb67_session_dialogue.txt,40.0,0955eb67041143128a2b1b26ee7d4ebe,6,2026-04-22T10:27:24.010,session_20260422_095426,False,True,,
ab2be3030cef4125adb5c3b6ab4f23ab,7,7,35,captcha_post|captcha_pre|q_post_gators|q_post_specific|q_pre_2050|q_pre_captcha|q_pre_idaq,1420.744,0.018,P007_ab2be303_voice_session_metadata.json,P007_ab2be303_session_dialogue.txt,40.0,d3c0f02227a04dabbd316f3c0ffae1aa,66,2026-04-22T11:31:28.941,session_20260422_111557,False,True,voice_exp_sid_mismatch|voice_participant_number_mismatch,
1e53d11b72574a2aa0696ccbc1e987f7,8,8,34,captcha_post|captcha_pre|q_post_gators|q_post_specific|q_pre_2050|q_pre_captcha|q_pre_idaq,815.936,0.012,P008_1e53d11b_voice_session_metadata.json,P008_1e53d11b_session_dialogue.txt,35.0,1e53d11b72574a2aa0696ccbc1e987f7,8,2026-04-22T12:21:16.553,session_20260422_115742,False,True,,
dc5266bf7db74dcd8b2a4b4ebed65967,9,9,40,captcha_post|captcha_pre|q_post_gators|q_post_specific|q_pre_2050|q_pre_captcha|q_pre_idaq,814.038,0.013,P009_dc5266bf_voice_session_metadata.json,P009_dc5266bf_session_dialogue.txt,30.0,dc5266bf7db74dcd8b2a4b4ebed65967,9,2026-04-23T12:20:47.678,session_20260423_115608,False,True,,
a32acc2dcc1544d0b011d33223733a40,10,10,38,captcha_post|captcha_pre|q_post_gators|q_post_specific|q_pre_2050|q_pre_captcha|q_pre_idaq,827.54,0.014,P010_a32acc2d_voice_session_metadata.json,P010_a32acc2d_session_dialogue.txt,32.0,a32acc2dcc1544d0b011d33223733a40,10,2026-04-23T13:36:25.761,session_20260423_125611,False,True,,
023f77ba0feb4f1cac3a22936b3d797c,11,11,41,captcha_post|captcha_pre|q_post_gators|q_post_specific|q_pre_2050|q_pre_captcha|q_pre_idaq,820.168,0.013,P011_023f77ba_voice_session_metadata.json,P011_023f77ba_session_dialogue.txt,42.0,023f77ba0feb4f1cac3a22936b3d797c,11,2026-04-23T14:23:49.291,session_20260423_135811,False,True,,
62a36f18c1e94e6eabff7e80742d4d98,12,12,38,captcha_post|captcha_pre|q_post_gators|q_post_specific|q_pre_2050|q_pre_captcha|q_pre_idaq,836.561,0.02,P012_62a36f18_voice_session_metadata.json,P012_62a36f18_session_dialogue.txt,38.0,62a36f18c1e94e6eabff7e80742d4d98,12,2026-04-23T15:32:48.701,session_20260423_145634,False,True,,
4aaafe69bd1d423f9068c7ee2b7f1b24,13,13,39,captcha_post|captcha_pre|q_post_gators|q_post_specific|q_pre_2050|q_pre_captcha|q_pre_idaq,819.154,0.013,P013_4aaafe69_voice_session_metadata.json,P013_4aaafe69_session_dialogue.txt,39.0,4aaafe69bd1d423f9068c7ee2b7f1b24,13,2026-04-23T16:18:29.428,session_20260423_155425,False,True,,
673dcdd4a5344facb04c4a4576b0ba79,14,14,35,captcha_post|captcha_pre|q_post_gators|q_post_specific|q_pre_2050|q_pre_captcha|q_pre_idaq,779.859,0.02,P014_673dcdd4_voice_session_metadata.json,P014_673dcdd4_session_dialogue.txt,46.0,673dcdd4a5344facb04c4a4576b0ba79,14,2026-04-27T08:21:14.810,session_20260427_075707,False,True,,
47e09766c58f40a7b99fca6080d6a541,15,15,33,captcha_post|captcha_pre|q_post_gators|q_post_specific|q_pre_2050|q_pre_captcha|q_pre_idaq,800.649,0.019,P015_47e09766_voice_session_metadata.json,P015_47e09766_session_dialogue.txt,44.0,47e09766c58f40a7b99fca6080d6a541,15,2026-04-27T11:25:15.020,session_20260427_105557,False,True,,
7fc17f54105c4f4281dc03dfedd3dac2,16,16,29,captcha_post|captcha_pre|q_post_gators|q_post_specific|q_pre_2050|q_pre_captcha|q_pre_idaq,844.519,0.018,P016_7fc17f54_voice_session_metadata.json,P016_7fc17f54_session_dialogue.txt,34.0,7fc17f54105c4f4281dc03dfedd3dac2,16,2026-04-27T12:33:32.124,session_20260427_120257,False,True,,
ee867f0d615e4e4699081702333a57f3,17,17,32,captcha_post|captcha_pre|q_post_gators|q_post_specific|q_pre_2050|q_pre_captcha|q_pre_idaq,840.192,0.016,P017_ee867f0d_voice_session_metadata.json,P017_ee867f0d_session_dialogue.txt,36.0,ee867f0d615e4e4699081702333a57f3,17,2026-04-28T09:21:07.680,session_20260428_085518,False,True,,
bcc8ff2711444f4fa1cb7a4c732c6b9a,18,18,47,captcha_post|captcha_pre|q_post_gators|q_post_specific|q_pre_2050|q_pre_captcha|q_pre_idaq,854.729,0.01,P018_bcc8ff27_voice_session_metadata.json,P018_bcc8ff27_session_dialogue.txt,40.0,bcc8ff2711444f4fa1cb7a4c732c6b9a,18,2026-04-28T10:23:53.442,session_20260428_095814,False,True,,
bea2011ad47945a9991b4962b7a26bbe,19,19,29,captcha_post|captcha_pre|q_post_gators|q_post_specific|q_pre_2050|q_pre_captcha|q_pre_idaq,819.735,0.01,P019_bea2011a_voice_session_metadata.json,P019_bea2011a_session_dialogue.txt,34.0,bea2011ad47945a9991b4962b7a26bbe,19,2026-04-28T11:25:08.314,session_20260428_105308,False,True,,
30211c3c23054047b300fe7d69b21ea6,20,20,31,captcha_post|captcha_pre|q_post_gators|q_post_specific|q_pre_2050|q_pre_captcha|q_pre_idaq,807.029,0.013,P020_30211c3c_voice_session_metadata.json,P020_30211c3c_session_dialogue.txt,56.0,30211c3c23054047b300fe7d69b21ea6,20,2026-04-28T12:23:06.229,session_20260428_115404,False,True,,
121e88c44bb24c3fac7a01bf04bdb03f,21,21,55,captcha_post|captcha_pre|q_post_gators|q_post_specific|q_pre_2050|q_pre_captcha|q_pre_idaq,974.806,0.01,P021_121e88c4_voice_session_metadata.json,P021_121e88c4_session_dialogue.txt,50.0,121e88c44bb24c3fac7a01bf04bdb03f,21,2026-04-28T13:29:22.875,session_20260428_131401,False,True,,
8c78b31e3f02444ab89450f9a192abb9,22,22,39,captcha_post|captcha_pre|q_post_gators|q_post_specific|q_pre_2050|q_pre_captcha|q_pre_idaq,1038.778,,,,,,,,,False,True,missing_dialogue_file,
2a7ca7b5779c412984f34e46d9bf2635,23,23,37,captcha_post|captcha_pre|q_post_gators|q_post_specific|q_pre_2050|q_pre_captcha|q_pre_idaq,807.565,0.024,P023_2a7ca7b5_voice_session_metadata.json,P023_2a7ca7b5_session_dialogue.txt,28.0,2a7ca7b5779c412984f34e46d9bf2635,23,2026-04-30T12:19:01.040,session_20260430_115632,False,True,,
93915b60073745b0bc6f3db0d177d998,24,24,53,captcha_post|captcha_pre|q_post_gators|q_post_specific|q_pre_2050|q_pre_captcha|q_pre_idaq,808.999,0.028,P024_93915b60_voice_session_metadata.json,P024_93915b60_session_dialogue.txt,38.0,93915b60073745b0bc6f3db0d177d998,24,2026-04-30T14:24:52.217,session_20260430_135355,False,True,,
9f2a4e88194e4080ad8aad6a59b6a1d1,25,25,32,captcha_post|captcha_pre|q_post_gators|q_post_specific|q_pre_2050|q_pre_captcha|q_pre_idaq,810.611,0.018,P025_9f2a4e88_voice_session_metadata.json,P025_9f2a4e88_session_dialogue.txt,44.0,9f2a4e88194e4080ad8aad6a59b6a1d1,25,2026-04-30T15:21:27.494,session_20260430_145435,False,True,,
8b081f52ad9343fbbda7ef81e6dd3a04,26,26,34,captcha_post|captcha_pre|q_post_gators|q_post_specific|q_pre_2050|q_pre_captcha|q_pre_idaq,787.713,0.027,P026_8b081f52_voice_session_metadata.json,P026_8b081f52_session_dialogue.txt,32.0,8b081f52ad9343fbbda7ef81e6dd3a04,26,2026-05-05T08:16:02.019,session_20260505_075221,False,True,,
9cdcc1da3e10496c9a623f7b5284a5ba,27,27,53,captcha_post|captcha_pre|q_post_gators|q_post_specific|q_pre_2050|q_pre_captcha|q_pre_idaq,802.758,0.028,P027_9cdcc1da_voice_session_metadata.json,P027_9cdcc1da_session_dialogue.txt,38.0,9cdcc1da3e10496c9a623f7b5284a5ba,27,2026-05-05T09:25:09.848,session_20260505_085348,False,True,,
6bba52ff679e449391b18a4f3cb3378a,28,28,55,captcha_post|captcha_pre|q_post_gators|q_post_specific|q_pre_2050|q_pre_captcha|q_pre_idaq,874.865,0.026,P028_6bba52ff_voice_session_metadata.json,P028_6bba52ff_session_dialogue.txt,24.0,6bba52ff679e449391b18a4f3cb3378a,28,2026-05-05T10:29:55.251,session_20260505_094534,False,True,,
1f73ad75111d4a03a9da913787843eae,29,29,26,captcha_post|captcha_pre|q_post_gators|q_post_specific|q_pre_2050|q_pre_captcha|q_pre_idaq,786.913,0.022,P029_1f73ad75_voice_session_metadata.json,P029_1f73ad75_session_dialogue.txt,37.0,1f73ad75111d4a03a9da913787843eae,29,2026-05-05T11:18:43.914,session_20260505_105450,False,True,,
b6d5b977f46a4cf597738d6c4b413a9d,30,30,48,captcha_post|captcha_pre|q_post_gators|q_post_specific|q_pre_2050|q_pre_captcha|q_pre_idaq,753.338,0.025,P030_b6d5b977_voice_session_metadata.json,P030_b6d5b977_session_dialogue.txt,37.0,b6d5b977f46a4cf597738d6c4b413a9d,30,2026-05-05T12:20:28.328,session_20260505_115805,False,True,,
bbec2a47208a49b19e637fdbe08204c7,31,31,46,captcha_post|captcha_pre|q_post_gators|q_post_specific|q_pre_2050|q_pre_captcha|q_pre_idaq,814.778,0.027,P031_bbec2a47_voice_session_metadata.json,P031_bbec2a47_session_dialogue.txt,42.0,bbec2a47208a49b19e637fdbe08204c7,31,2026-05-07T08:25:36.308,session_20260507_080132,False,True,,
cef0e506fa7c47b2bb92964ece39c629,32,32,26,captcha_post|captcha_pre|q_post_gators|q_post_specific|q_pre_2050|q_pre_captcha|q_pre_idaq,784.46,0.026,P032_cef0e506_voice_session_metadata.json,P032_cef0e506_session_dialogue.txt,46.0,cef0e506fa7c47b2bb92964ece39c629,32,2026-05-07T10:22:19.552,session_20260507_094941,False,True,,
da6b1f80b3814716b99154d8a3760901,33,33,29,captcha_post|captcha_pre|q_post_gators|q_post_specific|q_pre_2050|q_pre_captcha|q_pre_idaq,810.525,0.026,P033_da6b1f80_voice_session_metadata.json,P033_da6b1f80_session_dialogue.txt,34.0,da6b1f80b3814716b99154d8a3760901,33,2026-05-07T11:11:47.160,session_20260507_104944,False,True,,
17341d7a428142d89bf00c2b7dbcbcff,34,34,29,captcha_post|captcha_pre|q_post_gators|q_post_specific|q_pre_2050|q_pre_captcha|q_pre_idaq,808.065,0.015,P034_17341d7a_voice_session_metadata.json,P034_17341d7a_session_dialogue.txt,16.0,17341d7a428142d89bf00c2b7dbcbcff,34,2026-05-07T12:26:07.119,session_20260507_115115,False,True,,
5edab9ad89db4ce29278fcd6967dc22f,35,35,28,captcha_post|captcha_pre|q_post_gators|q_post_specific|q_pre_2050|q_pre_captcha|q_pre_idaq,765.804,0.026,P035_5edab9ad_voice_session_metadata.json,P035_5edab9ad_session_dialogue.txt,36.0,5edab9ad89db4ce29278fcd6967dc22f,35,2026-05-07T14:22:43.278,session_20260507_135116,False,True,,
cb2739d8df89442f92479d3a7e8b92dd,36,36,38,captcha_post|captcha_pre|q_post_gators|q_post_specific|q_pre_2050|q_pre_captcha|q_pre_idaq,797.667,0.027,P036_cb2739d8_voice_session_metadata.json,P036_cb2739d8_session_dialogue.txt,35.0,cb2739d8df89442f92479d3a7e8b92dd,36,2026-05-07T15:23:40.577,session_20260507_145207,False,True,,
af0dfcdcede944e5adbf92a4c0ba9b92,37,37,22,captcha_post|captcha_pre|q_post_gators|q_post_specific|q_pre_2050|q_pre_captcha|q_pre_idaq,797.287,0.029,P037_af0dfcdc_voice_session_metadata.json,P037_af0dfcdc_session_dialogue.txt,32.0,af0dfcdcede944e5adbf92a4c0ba9b92,37,2026-05-11T11:19:00.161,session_20260511_105718,False,True,,
d48744259ced44b59415148e3901862e,38,38,28,captcha_post|captcha_pre|q_post_gators|q_post_specific|q_pre_2050|q_pre_captcha|q_pre_idaq,810.469,0.026,P038_d4874425_voice_session_metadata.json,P038_d4874425_session_dialogue.txt,43.0,d48744259ced44b59415148e3901862e,38,2026-05-11T12:36:36.405,session_20260511_115306,False,True,,
7d8eefccdb224f898923a6c601c8ab83,39,39,35,captcha_post|captcha_pre|q_post_gators|q_post_specific|q_pre_2050|q_pre_captcha|q_pre_idaq,808.199,0.025,P039_7d8eefcc_voice_session_metadata.json,P039_7d8eefcc_session_dialogue.txt,33.0,7d8eefccdb224f898923a6c601c8ab83,39,2026-05-12T10:22:29.367,session_20260512_095403,False,True,,
fc090a6ff748439ea823340006f8409b,40,40,32,captcha_post|captcha_pre|q_post_gators|q_post_specific|q_pre_2050|q_pre_captcha|q_pre_idaq,804.759,0.026,P040_fc090a6f_voice_session_metadata.json,P040_fc090a6f_session_dialogue.txt,33.0,fc090a6ff748439ea823340006f8409b,40,2026-05-12T11:39:23.287,session_20260512_105248,False,True,,
7d6366e64e6c4cfdba0bab82b1604f44,41,41,35,captcha_post|captcha_pre|q_post_gators|q_post_specific|q_pre_2050|q_pre_captcha|q_pre_idaq,767.62,0.028,P041_7d6366e6_voice_session_metadata.json,P041_7d6366e6_session_dialogue.txt,38.0,7d6366e64e6c4cfdba0bab82b1604f44,41,2026-05-12T12:26:43.378,session_20260512_120218,False,True,,
37a96095f39f4370a745a7e32ebf11d5,42,42,37,captcha_post|captcha_pre|q_post_gators|q_post_specific|q_pre_2050|q_pre_captcha|q_pre_idaq,792.854,0.027,P042_37a96095_voice_session_metadata.json,P042_37a96095_session_dialogue.txt,35.0,37a96095f39f4370a745a7e32ebf11d5,42,2026-05-12T13:19:05.769,session_20260512_125403,False,True,,
907a2daa3fe54a0ca3ead9847e09b46a,43,43,71,captcha_post|captcha_pre|q_post_gators|q_post_specific|q_pre_2050|q_pre_captcha|q_pre_idaq,824.44,0.027,P043_907a2daa_voice_session_metadata.json,P043_907a2daa_session_dialogue.txt,34.0,907a2daa3fe54a0ca3ead9847e09b46a,43,2026-05-12T14:21:04.080,session_20260512_135316,False,True,,
91783553ab0449c09f5bc3434e2eaa89,44,44,26,captcha_post|captcha_pre|q_post_gators|q_post_specific|q_pre_2050|q_pre_captcha|q_pre_idaq,784.257,0.026,P044_91783553_voice_session_metadata.json,P044_91783553_session_dialogue.txt,34.0,91783553ab0449c09f5bc3434e2eaa89,44,2026-05-12T16:21:45.954,session_20260512_155747,False,True,,
cac2c0de502348bfad795df71f2a1e71,45,45,23,captcha_post|captcha_pre|q_post_gators|q_post_specific|q_pre_2050|q_pre_captcha|q_pre_idaq,778.813,0.027,P045_cac2c0de_voice_session_metadata.json,P045_cac2c0de_session_dialogue.txt,33.0,cac2c0de502348bfad795df71f2a1e71,45,2026-05-14T09:39:58.602,session_20260514_085051,False,True,,
dff5c0713e614e1fb873826cbbb41705,46,46,29,captcha_post|captcha_pre|q_post_gators|q_post_specific|q_pre_2050|q_pre_captcha|q_pre_idaq,807.454,0.028,P046_dff5c071_voice_session_metadata.json,P046_dff5c071_session_dialogue.txt,30.0,dff5c0713e614e1fb873826cbbb41705,46,2026-05-14T11:33:37.382,session_20260514_111044,False,True,,
b99a2b7b8dd84149960b13cb998f42d7,47,47,38,captcha_post|captcha_pre|q_post_gators|q_post_specific|q_pre_2050|q_pre_captcha|q_pre_idaq,787.876,0.029,P047_b99a2b7b_voice_session_metadata.json,P047_b99a2b7b_session_dialogue.txt,36.0,b99a2b7b8dd84149960b13cb998f42d7,47,2026-05-14T12:26:03.405,session_20260514_115728,False,True,,
790f52e00a444c14b46f8c7c768fb554,48,48,31,captcha_post|captcha_pre|q_post_gators|q_post_specific|q_pre_2050|q_pre_captcha|q_pre_idaq,777.27,0.028,P048_790f52e0_voice_session_metadata.json,P048_790f52e0_session_dialogue.txt,42.0,790f52e00a444c14b46f8c7c768fb554,48,2026-05-14T13:18:04.498,session_20260514_125503,False,True,,
831af3997c02419d89911a6b60265c07,49,49,28,captcha_post|captcha_pre|q_post_gators|q_post_specific|q_pre_2050|q_pre_captcha|q_pre_idaq,752.76,0.026,P049_831af399_voice_session_metadata.json,P049_831af399_session_dialogue.txt,43.0,831af3997c02419d89911a6b60265c07,49,2026-05-14T14:10:49.865,session_20260514_135129,False,True,,
356d6504b5544ddcb690eb6d20063ed4,50,50,25,captcha_post|captcha_pre|q_post_gators|q_post_specific|q_pre_2050|q_pre_captcha|q_pre_idaq,816.012,0.026,P050_356d6504_voice_session_metadata.json,P050_356d6504_session_dialogue.txt,37.0,356d6504b5544ddcb690eb6d20063ed4,50,2026-05-14T16:21:40.812,session_20260514_155927,False,True,,
d14543fe53d641f3af028e703af3092c,51,51,152,captcha_post|captcha_pre|q_post_gators|q_post_specific|q_pre_2050|q_pre_captcha|q_pre_idaq,799.024,0.028,P051_d14543fe_voice_session_metadata.json,P051_d14543fe_session_dialogue.txt,34.0,d14543fe53d641f3af028e703af3092c,51,2026-05-18T08:23:43.999,session_20260518_075424,False,True,,
74dc6bcfe87f4248847e2a64f90bc1ca,52,52,65,captcha_post|captcha_pre|q_post_gators|q_post_specific|q_pre_2050|q_pre_captcha|q_pre_idaq,858.25,0.026,P052_74dc6bcf_voice_session_metadata.json,P052_74dc6bcf_session_dialogue.txt,30.0,74dc6bcfe87f4248847e2a64f90bc1ca,52,2026-05-19T09:29:20.271,session_20260519_085141,False,True,,
5ff4662ff28f41589cdcda6c6aa93568,53,53,36,captcha_post|captcha_pre|q_post_gators|q_post_specific|q_pre_2050|q_pre_captcha|q_pre_idaq,787.516,0.025,P053_5ff4662f_voice_session_metadata.json,P053_5ff4662f_session_dialogue.txt,37.0,5ff4662ff28f41589cdcda6c6aa93568,53,2026-05-19T10:18:58.317,session_20260519_095721,False,True,,
df333f2e67a647d69bf090537633a167,54,54,42,captcha_post|captcha_pre|q_post_gators|q_post_specific|q_pre_2050|q_pre_captcha|q_pre_idaq,766.212,0.045,P054_df333f2e_voice_session_metadata.json,P054_df333f2e_session_dialogue.txt,25.0,df333f2e67a647d69bf090537633a167,54,2026-05-21T12:26:28.438,session_20260521_120255,False,True,,
7ef7153ef781485ab8ae506f38dfef3b,55,55,36,captcha_post|captcha_pre|q_post_gators|q_post_specific|q_pre_2050|q_pre_captcha|q_pre_idaq,777.555,0.027,P055_7ef7153e_voice_session_metadata.json,P055_7ef7153e_session_dialogue.txt,35.0,7ef7153ef781485ab8ae506f38dfef3b,55,2026-05-21T13:24:53.950,session_20260521_125543,False,True,,
f582a4098ccc4e26a3e07ae72b71605f,56,56,62,captcha_post|captcha_pre|q_post_gators|q_post_specific|q_pre_2050|q_pre_captcha|q_pre_idaq,764.542,0.027,P056_f582a409_voice_session_metadata.json,P056_f582a409_session_dialogue.txt,38.0,f582a4098ccc4e26a3e07ae72b71605f,56,2026-05-21T13:58:23.524,session_20260521_133552,False,True,,
4ffbdd7ec010402886737610a08d48fe,57,57,27,captcha_post|captcha_pre|q_post_gators|q_post_specific|q_pre_2050|q_pre_captcha|q_pre_idaq,800.568,0.041,P057_4ffbdd7e_voice_session_metadata.json,P057_4ffbdd7e_session_dialogue.txt,35.0,4ffbdd7ec010402886737610a08d48fe,57,2026-05-25T10:26:12.847,session_20260525_095714,False,True,,
e6e25c421e8c4061a2f8ad2efd66a109,58,58,28,captcha_post|captcha_pre|q_post_gators|q_post_specific|q_pre_2050|q_pre_captcha|q_pre_idaq,797.424,0.028,P058_e6e25c42_voice_session_metadata.json,P058_e6e25c42_session_dialogue.txt,27.0,e6e25c421e8c4061a2f8ad2efd66a109,58,2026-05-25T11:30:27.294,session_20260525_105315,False,True,,
4fd8825c09d445c9a86d8dc79e00cd98,59,59,28,captcha_post|captcha_pre|q_post_gators|q_post_specific|q_pre_2050|q_pre_captcha|q_pre_idaq,779.212,0.036,P059_4fd8825c_voice_session_metadata.json,P059_4fd8825c_session_dialogue.txt,41.0,4fd8825c09d445c9a86d8dc79e00cd98,59,2026-05-26T08:40:25.686,session_20260526_075147,False,True,,
2a8b5848f5ae4523afca35451eabe58b,60,60,47,captcha_post|captcha_pre|q_post_gators|q_post_specific|q_pre_2050|q_pre_captcha|q_pre_idaq,754.619,0.019,P060_2a8b5848_voice_session_metadata.json,P060_2a8b5848_session_dialogue.txt,37.0,2a8b5848f5ae4523afca35451eabe58b,60,2026-05-26T09:19:57.485,session_20260526_085639,False,True,,
ab32926de2c04952b8c2e7e4119f53e2,61,61,25,captcha_post|captcha_pre|q_post_gators|q_post_specific|q_pre_2050|q_pre_captcha|q_pre_idaq,771.614,0.024,P061_ab32926d_voice_session_metadata.json,P061_ab32926d_session_dialogue.txt,47.0,ab32926de2c04952b8c2e7e4119f53e2,61,2026-05-26T10:21:18.686,session_20260526_095731,False,True,,
cf14b27dd2a94c1291f10b2cbb05dd64,62,62,22,captcha_post|captcha_pre|q_post_gators|q_post_specific|q_pre_2050|q_pre_captcha|q_pre_idaq,966.519,,,,,,,,,False,True,missing_dialogue_file,
32015503ad8c45578f32bc2dcda58aed,63,63,39,captcha_post|captcha_pre|q_post_gators|q_post_specific|q_pre_2050|q_pre_captcha|q_pre_idaq,766.277,0.026,P063_32015503_voice_session_metadata.json,P063_32015503_session_dialogue.txt,42.0,32015503ad8c45578f32bc2dcda58aed,63,2026-05-26T12:20:14.296,session_20260526_115454,False,True,,
9e259b7e4e614530b3f3da2205837a46,64,64,31,captcha_post|captcha_pre|q_post_gators|q_post_specific|q_pre_2050|q_pre_captcha|q_pre_idaq,818.056,0.018,P064_9e259b7e_voice_session_metadata.json,P064_9e259b7e_session_dialogue.txt,41.0,9e259b7e4e614530b3f3da2205837a46,64,2026-05-26T13:19:14.455,session_20260526_125258,False,True,,
eaf2b998190941bfad65f6b552861e4f,65,65,26,captcha_post|captcha_pre|q_post_gators|q_post_specific|q_pre_2050|q_pre_captcha|q_pre_idaq,752.385,0.025,P065_eaf2b998_voice_session_metadata.json,P065_eaf2b998_session_dialogue.txt,45.0,eaf2b998190941bfad65f6b552861e4f,65,2026-05-26T14:15:10.761,session_20260526_135444,False,True,,
86e5152601e44bc79e68c7fd0560dde1,66,66,54,captcha_post|captcha_pre|q_post_gators|q_post_specific|q_pre_2050|q_pre_captcha|q_pre_idaq,776.683,0.024,P066_86e51526_voice_session_metadata.json,P066_86e51526_session_dialogue.txt,20.0,86e5152601e44bc79e68c7fd0560dde1,66,2026-05-26T16:24:47.738,session_20260526_155327,False,True,,
2691c893a7e44918a20165dac64aa688,67,67,26,captcha_post|captcha_pre|q_post_gators|q_post_specific|q_pre_2050|q_pre_captcha|q_pre_idaq,764.651,0.042,P067_2691c893_voice_session_metadata.json,P067_2691c893_session_dialogue.txt,41.0,2691c893a7e44918a20165dac64aa688,67,2026-05-28T08:23:42.168,session_20260528_074814,False,True,,
a4847afbee3440488223989d8a8cc3e4,68,68,38,captcha_post|captcha_pre|q_post_gators|q_post_specific|q_pre_2050|q_pre_captcha|q_pre_idaq,895.746,0.025,P068_a4847afb_voice_session_metadata.json,P068_a4847afb_session_dialogue.txt,37.0,a4847afbee3440488223989d8a8cc3e4,68,2026-05-28T10:28:50.625,session_20260528_095337,False,True,,
7359e266ef9948aca580b49b20692727,69,69,40,captcha_post|captcha_pre|q_post_gators|q_post_specific|q_pre_2050|q_pre_captcha|q_pre_idaq,766.706,0.03,P069_7359e266_voice_session_metadata.json,P069_7359e266_session_dialogue.txt,22.0,7359e266ef9948aca580b49b20692727,69,2026-06-01T09:21:12.501,session_20260601_085225,False,True,,
8699d4cf905a4fa8bc11601c72ba7be4,70,70,43,captcha_post|captcha_pre|q_post_gators|q_post_specific|q_pre_2050|q_pre_captcha|q_pre_idaq,782.285,0.018,P070_8699d4cf_voice_session_metadata.json,P070_8699d4cf_session_dialogue.txt,44.0,8699d4cf905a4fa8bc11601c72ba7be4,70,2026-06-01T10:13:25.827,session_20260601_095110,False,True,,
856e3316894747d2b9c9ee1f0f216ce8,71,71,37,captcha_post|captcha_pre|q_post_gators|q_post_specific|q_pre_2050|q_pre_captcha|q_pre_idaq,789.715,0.027,P071_856e3316_voice_session_metadata.json,P071_856e3316_session_dialogue.txt,32.0,856e3316894747d2b9c9ee1f0f216ce8,71,2026-06-01T11:24:35.922,session_20260601_105427,False,True,,
18ae6b1aeb664685b0fd2c4e318f50d4,72,72,29,captcha_post|captcha_pre|q_post_gators|q_post_specific|q_pre_2050|q_pre_captcha|q_pre_idaq,837.509,0.025,P072_18ae6b1a_voice_session_metadata.json,P072_18ae6b1a_session_dialogue.txt,47.0,18ae6b1aeb664685b0fd2c4e318f50d4,72,2026-06-01T12:14:05.201,session_20260601_114549,False,True,,
75489e519b9a42568ddcff822ad0a78d,73,73,33,captcha_post|captcha_pre|q_post_gators|q_post_specific|q_pre_2050|q_pre_captcha|q_pre_idaq,774.52,0.039,P073_75489e51_voice_session_metadata.json,P073_75489e51_session_dialogue.txt,33.0,75489e519b9a42568ddcff822ad0a78d,73,2026-06-02T08:21:50.762,session_20260602_075701,False,True,,
9b45f7fbf159423e8d0647bc7bcac22c,74,74,27,captcha_post|captcha_pre|q_post_gators|q_post_specific|q_pre_2050|q_pre_captcha|q_pre_idaq,791.246,0.03,P074_9b45f7fb_voice_session_metadata.json,P074_9b45f7fb_session_dialogue.txt,39.0,9b45f7fbf159423e8d0647bc7bcac22c,74,2026-06-02T09:27:11.709,session_20260602_085201,False,True,,
179b8c2a95e646eca2510d2513c9d519,75,75,81,captcha_post|captcha_pre|q_post_gators|q_post_specific|q_pre_2050|q_pre_captcha|q_pre_idaq,785.866,0.02,P075_179b8c2a_voice_session_metadata.json,P075_179b8c2a_session_dialogue.txt,45.0,179b8c2a95e646eca2510d2513c9d519,75,2026-06-02T10:19:44.941,session_20260602_095656,False,True,,
b09679120fe74756b97eb9314a75dec4,76,76,160,captcha_post|captcha_pre|q_post_gators|q_post_specific|q_pre_2050|q_pre_captcha|q_pre_idaq,11.529,0.027,P076_b0967912_voice_session_metadata.json,P076_b0967912_session_dialogue.txt,2.0,b09679120fe74756b97eb9314a75dec4,76,2026-06-02T11:06:56.529,session_20260602_105703,False,False,short_pre_to_post_gap|very_short_dialogue,"Copied dialogue is only a pre-session interruption, so conversation metrics are treated as missing."
e53182617ce146a98d36d15c67820ab1,77,77,35,captcha_post|captcha_pre|q_post_gators|q_post_specific|q_pre_2050|q_pre_captcha|q_pre_idaq,793.864,0.031,P077_e5318261_voice_session_metadata.json,P077_e5318261_session_dialogue.txt,43.0,e53182617ce146a98d36d15c67820ab1,77,2026-06-02T12:27:01.578,session_20260602_114837,False,True,,
cc291a6ebaf34cdb8741a0b0fc736589,78,78,173,captcha_post|captcha_pre|q_post_gators|q_post_specific|q_pre_2050|q_pre_captcha|q_pre_idaq,799.616,0.03,P078_cc291a6e_voice_session_metadata.json,P078_cc291a6e_session_dialogue.txt,36.0,cc291a6ebaf34cdb8741a0b0fc736589,78,2026-06-02T13:22:39.995,session_20260602_124715,False,True,,
e995e3538f7a4c0aa006b00cdb863b1f,79,79,48,captcha_post|captcha_pre|q_post_gators|q_post_specific|q_pre_2050|q_pre_captcha|q_pre_idaq,781.932,0.031,P079_e995e353_voice_session_metadata.json,P079_e995e353_session_dialogue.txt,31.0,e995e3538f7a4c0aa006b00cdb863b1f,79,2026-06-02T14:30:19.696,session_20260602_135416,False,True,,
e4601ef24ef946538fc7489899a2fa2d,80,80,25,captcha_post|captcha_pre|q_post_gators|q_post_specific|q_pre_2050|q_pre_captcha|q_pre_idaq,800.096,0.029,P080_e4601ef2_voice_session_metadata.json,P080_e4601ef2_session_dialogue.txt,42.0,e4601ef24ef946538fc7489899a2fa2d,80,2026-06-02T15:21:46.869,session_20260602_145929,False,True,,
f0e003dee178484d90a7f6c8233c95ae,81,81,35,captcha_post|captcha_pre|q_post_gators|q_post_specific|q_pre_2050|q_pre_captcha|q_pre_idaq,822.737,0.028,P081_f0e003de_voice_session_metadata.json,P081_f0e003de_session_dialogue.txt,28.0,f0e003dee178484d90a7f6c8233c95ae,81,2026-06-02T16:27:52.234,session_20260602_154646,False,True,,
6cd6c028d70a43c88544ff8fa4d4af0f,82,82,39,captcha_post|captcha_pre|q_post_gators|q_post_specific|q_pre_2050|q_pre_captcha|q_pre_idaq,795.594,0.029,P082_6cd6c028_voice_session_metadata.json,P082_6cd6c028_session_dialogue.txt,40.0,6cd6c028d70a43c88544ff8fa4d4af0f,82,2026-06-03T10:39:29.572,session_20260603_101712,False,True,,
4b49247f549d494a8fb63f53e2b7503f,83,83,43,captcha_post|captcha_pre|q_post_gators|q_post_specific|q_pre_2050|q_pre_captcha|q_pre_idaq,776.68,0.037,P083_4b49247f_voice_session_metadata.json,P083_4b49247f_session_dialogue.txt,31.0,4b49247f549d494a8fb63f53e2b7503f,83,2026-06-03T09:25:12.930,session_20260603_085458,False,True,,
036595932d434e31953def9f9d6d6925,84,84,35,captcha_post|captcha_pre|q_post_gators|q_post_specific|q_pre_2050|q_pre_captcha|q_pre_idaq,783.061,0.019,P084_03659593_voice_session_metadata.json,P084_03659593_session_dialogue.txt,40.0,036595932d434e31953def9f9d6d6925,84,2026-06-03T11:14:54.225,session_20260603_105230,False,True,,
6ef02b96983e45069d1b474941116646,85,85,48,captcha_post|captcha_pre|q_post_gators|q_post_specific|q_pre_2050|q_pre_captcha|q_pre_idaq,758.504,0.028,P085_6ef02b96_voice_session_metadata.json,P085_6ef02b96_session_dialogue.txt,42.0,6ef02b96983e45069d1b474941116646,85,2026-06-03T12:16:32.603,session_20260603_115107,False,True,,
29f3281611134ec99e6253f3ba8577f6,86,86,33,captcha_post|captcha_pre|q_post_gators|q_post_specific|q_pre_2050|q_pre_captcha|q_pre_idaq,765.703,0.027,P086_29f32816_voice_session_metadata.json,P086_29f32816_session_dialogue.txt,36.0,29f3281611134ec99e6253f3ba8577f6,86,2026-06-03T13:20:46.301,session_20260603_124920,False,True,,
b25159abbbbd4325b7db1ca255b54e0f,87,87,37,captcha_post|captcha_pre|q_post_gators|q_post_specific|q_pre_2050|q_pre_captcha|q_pre_idaq,795.025,0.037,P087_b25159ab_voice_session_metadata.json,P087_b25159ab_session_dialogue.txt,28.0,b25159abbbbd4325b7db1ca255b54e0f,87,2026-06-04T13:02:13.240,session_20260604_122005,False,True,,
3eb0c114aa4148f1b53368b9104e5494,88,88,28,captcha_post|captcha_pre|q_post_gators|q_post_specific|q_pre_2050|q_pre_captcha|q_pre_idaq,795.125,0.03,P088_3eb0c114_voice_session_metadata.json,P088_3eb0c114_session_dialogue.txt,34.0,3eb0c114aa4148f1b53368b9104e5494,88,2026-06-04T14:47:38.398,session_20260604_142425,False,True,,
3bcabb5c49e047648a901f992091f96b,89,89,31,captcha_post|captcha_pre|q_post_gators|q_post_specific|q_pre_2050|q_pre_captcha|q_pre_idaq,781.316,0.043,P089_3bcabb5c_voice_session_metadata.json,P089_3bcabb5c_session_dialogue.txt,38.0,3bcabb5c49e047648a901f992091f96b,89,2026-06-05T09:16:35.388,session_20260605_084602,False,True,,
6f42e8850a04453d827fbc7e5c24f0cd,90,90,27,captcha_post|captcha_pre|q_post_gators|q_post_specific|q_pre_2050|q_pre_captcha|q_pre_idaq,758.429,0.027,P090_6f42e885_voice_session_metadata.json,P090_6f42e885_session_dialogue.txt,41.0,6f42e8850a04453d827fbc7e5c24f0cd,90,2026-06-05T10:21:22.896,session_20260605_095848,False,True,,
56cbbb378c52498b954a8fab34ec0c8b,91,91,25,captcha_post|captcha_pre|q_post_gators|q_post_specific|q_pre_2050|q_pre_captcha|q_pre_idaq,771.997,0.027,P091_56cbbb37_voice_session_metadata.json,P091_56cbbb37_session_dialogue.txt,35.0,56cbbb378c52498b954a8fab34ec0c8b,91,2026-06-05T14:17:40.381,session_20260605_134542,False,True,,
cac7f82de156438db54cf8562985564c,92,92,43,captcha_post|captcha_pre|q_post_gators|q_post_specific|q_pre_2050|q_pre_captcha|q_pre_idaq,763.513,0.028,P092_cac7f82d_voice_session_metadata.json,P092_cac7f82d_session_dialogue.txt,38.0,cac7f82de156438db54cf8562985564c,92,2026-06-05T15:21:52.703,session_20260605_145722,False,True,,
a0f2fb5dabb146c2830289f564f52723,93,93,96,captcha_post|captcha_pre|q_post_gators|q_post_specific|q_pre_2050|q_pre_captcha|q_pre_idaq,1478.555,0.031,P093_a0f2fb5d_voice_session_metadata.json,P093_a0f2fb5d_session_dialogue.txt,36.0,b136c7590f164eb38f2cda10df8f9e63,93,2026-06-18T13:06:14.854,session_20260618_125431,False,True,voice_exp_sid_alias_used,Duplicate P093 CSV copies exist and voice metadata has stale exp_sid b136c759; exact duplicate raw rows are collapsed and voice metrics are matched by explicit alias.
e312b7d80e494d47aa5f5b624b07fb52,94,94,35,captcha_post|captcha_pre|q_post_gators|q_post_specific|q_pre_2050|q_pre_captcha|q_pre_idaq,817.365,0.029,P094_e312b7d8_voice_session_metadata.json,P094_e312b7d8_session_dialogue.txt,38.0,e312b7d80e494d47aa5f5b624b07fb52,94,2026-06-18T15:56:55.666,session_20260618_152231,False,True,,
9fe6b2f6555c47e9ac69dd8a62679aaf,95,95,28,captcha_post|captcha_pre|q_post_gators|q_post_specific|q_pre_2050|q_pre_captcha|q_pre_idaq,795.721,0.04,P095_9fe6b2f6_voice_session_metadata.json,P095_9fe6b2f6_session_dialogue.txt,27.0,9fe6b2f6555c47e9ac69dd8a62679aaf,95,2026-06-19T12:24:57.708,session_20260619_114902,False,True,,
3e0a216249f6428a879be37b1eb5f75f,95|96,96,68,captcha_post|captcha_pre|q_post_gators|q_post_specific|q_pre_2050|q_pre_captcha|q_pre_idaq,1129.386,0.026,P096_3e0a2162_voice_session_metadata.json,P096_3e0a2162_session_dialogue.txt,44.0,3e0a216249f6428a879be37b1eb5f75f,95,2026-06-19T13:28:47.694,session_20260619_131628,False,True,voice_participant_number_mismatch,CSV contains stale participant_number 95 on post rows/voice metadata; source file and pre rows are P096.
0503638ffc4841e7a0e1111abdca18e9,97,97,35,captcha_post|captcha_pre|q_post_gators|q_post_specific|q_pre_2050|q_pre_captcha|q_pre_idaq,765.086,0.025,P097_0503638f_voice_session_metadata.json,P097_0503638f_session_dialogue.txt,30.0,0503638ffc4841e7a0e1111abdca18e9,97,2026-06-19T15:42:36.237,session_20260619_145527,False,True,,
51fdf791ec3446e99d9b0ed31790ea8e,98,98,23,captcha_post|captcha_pre|q_post_gators|q_post_specific|q_pre_2050|q_pre_captcha|q_pre_idaq,837.277,0.024,P098_51fdf791_voice_session_metadata.json,P098_51fdf791_session_dialogue.txt,28.0,51fdf791ec3446e99d9b0ed31790ea8e,98,2026-06-29T09:24:10.541,session_20260629_084904,False,True,,
a7eaeb8e27f545dea3a9aa7dbdca372a,99,99,32,captcha_post|captcha_pre|q_post_gators|q_post_specific|q_pre_2050|q_pre_captcha|q_pre_idaq,805.562,0.025,P099_a7eaeb8e_voice_session_metadata.json,P099_a7eaeb8e_session_dialogue.txt,30.0,a7eaeb8e27f545dea3a9aa7dbdca372a,99,2026-06-29T11:19:20.946,session_20260629_105120,False,True,,
2389f9c564314743a5900f16e31d8416,100,100,27,captcha_post|captcha_pre|q_post_gators|q_post_specific|q_pre_2050|q_pre_captcha|q_pre_idaq,785.609,0.024,P100_2389f9c5_voice_session_metadata.json,P100_2389f9c5_session_dialogue.txt,40.0,2389f9c564314743a5900f16e31d8416,100,2026-06-29T12:25:59.085,session_20260629_115212,False,True,,
846efc72e21e4402b3c5638b28a00e7c,101,101,19,captcha_pre|q_pre_2050|q_pre_captcha|q_pre_idaq,,,,,,,,,,True,True,missing_dialogue_file,Canceled robot-failure session; incomplete at q_pre_2050 and duplicated P101.
07dd2d8b11c14d899c947ce60d0acebf,101,101,143,captcha_post|captcha_pre|q_post_gators|q_post_specific|q_pre_2050|q_pre_captcha|q_pre_idaq,769.353,0.029,P101_07dd2d8b_voice_session_metadata.json,P101_07dd2d8b_session_dialogue.txt,42.0,07dd2d8b11c14d899c947ce60d0acebf,101,2026-07-03T13:25:48.620,session_20260703_125718,False,True,,
87d85fdb81a34e5fb43c540288216aaf,102,102,22,captcha_post|captcha_pre|q_post_gators|q_post_specific|q_pre_2050|q_pre_captcha|q_pre_idaq,829.605,0.042,P102_87d85fdb_voice_session_metadata.json,P102_87d85fdb_session_dialogue.txt,26.0,87d85fdb81a34e5fb43c540288216aaf,102,2026-07-07T09:24:01.516,session_20260707_085105,False,True,,
54c0bc6aeb364c928a0a270057f5bdbb,103,103,126,captcha_post|captcha_pre|q_post_gators|q_post_specific|q_pre_2050|q_pre_captcha|q_pre_idaq,831.395,0.04,P103_54c0bc6a_voice_session_metadata.json,P103_54c0bc6a_session_dialogue.txt,29.0,54c0bc6aeb364c928a0a270057f5bdbb,103,2026-07-08T10:13:20.031,session_20260708_094901,False,True,,
28536282559c41af816f7b628833558e,201,201,26,captcha_post|captcha_pre|q_post_gators|q_post_specific|q_pre_2050|q_pre_captcha|q_pre_idaq,819.865,0.024,P201_28536282_voice_session_metadata.json,P201_28536282_session_dialogue.txt,37.0,28536282559c41af816f7b628833558e,201,2026-09-11T08:17:58.389,session_20260911_075356,False,True,,
e9e46da2a58b4ba7ab41655a0cd2b216,202,202,24,captcha_post|captcha_pre|q_post_gators|q_post_specific|q_pre_2050|q_pre_captcha|q_pre_idaq,788.38,0.019,P202_e9e46da2_voice_session_metadata.json,P202_e9e46da2_session_dialogue.txt,58.0,e9e46da2a58b4ba7ab41655a0cd2b216,202,2026-09-11T09:18:24.508,session_20260911_085310,False,True,,
8f1a909da4ab4634bf2fd2d67dcf966c,203,203,29,captcha_post|captcha_pre|q_post_gators|q_post_specific|q_pre_2050|q_pre_captcha|q_pre_idaq,878.335,0.031,P203_8f1a909d_voice_session_metadata.json,P203_8f1a909d_session_dialogue.txt,30.0,8f1a909da4ab4634bf2fd2d67dcf966c,203,2026-09-12T09:25:32.088,session_20260912_085432,False,True,,
f4ca6835ffa3411491c46b31801d52b3,204,204,21,captcha_post|captcha_pre|q_post_gators|q_post_specific|q_pre_2050|q_pre_captcha|q_pre_idaq,794.469,0.021,P204_f4ca6835_voice_session_metadata.json,P204_f4ca6835_session_dialogue.txt,41.0,f4ca6835ffa3411491c46b31801d52b3,204,2026-09-12T11:21:58.468,session_20260912_105136,False,True,,
ec27625bffb245a59aa409e9df2eb9c3,205,205,40,captcha_post|captcha_pre|q_post_gators|q_post_specific|q_pre_2050|q_pre_captcha|q_pre_idaq,775.961,0.03,P205_ec27625b_voice_session_metadata.json,P205_ec27625b_session_dialogue.txt,51.0,ec27625bffb245a59aa409e9df2eb9c3,205,2026-09-14T10:23:19.883,session_20260914_095116,False,True,,
f7c27b004a094f019e744b9fd8524a0e,206,206,37,captcha_post|captcha_pre|q_post_gators|q_post_specific|q_pre_2050|q_pre_captcha|q_pre_idaq,766.314,0.017,P206_f7c27b00_voice_session_metadata.json,P206_f7c27b00_session_dialogue.txt,40.0,f7c27b004a094f019e744b9fd8524a0e,206,2026-09-14T11:24:37.407,session_20260914_104817,False,True,,
71d20332246e49be9b55ec0abacc683a,207,207,53,captcha_post|captcha_pre|q_post_gators|q_post_specific|q_pre_2050|q_pre_captcha|q_pre_idaq,787.163,0.022,P207_71d20332_voice_session_metadata.json,P207_71d20332_session_dialogue.txt,57.0,71d20332246e49be9b55ec0abacc683a,207,2026-09-14T12:16:57.958,session_20260914_115123,False,True,,
eccc01f71e844ed3af9cfb7cb4c6606e,208,208,25,captcha_post|captcha_pre|q_post_gators|q_post_specific|q_pre_2050|q_pre_captcha|q_pre_idaq,761.486,0.019,P208_eccc01f7_voice_session_metadata.json,P208_eccc01f7_session_dialogue.txt,37.0,eccc01f71e844ed3af9cfb7cb4c6606e,208,2026-09-15T09:27:22.082,session_20260915_084927,False,True,,
6b842a05694d4841bdc1786f60b20fbe,209,209,22,captcha_post|captcha_pre|q_post_gators|q_post_specific|q_pre_2050|q_pre_captcha|q_pre_idaq,797.282,0.017,P209_6b842a05_voice_session_metadata.json,P209_6b842a05_session_dialogue.txt,36.0,6b842a05694d4841bdc1786f60b20fbe,209,2026-09-15T12:27:32.109,session_20260915_115844,False,True,,
159413f15a0c49558be2999ea36f8eec,210,210,23,captcha_post|captcha_pre|q_post_gators|q_post_specific|q_pre_2050|q_pre_captcha|q_pre_idaq,779.166,0.02,P210_159413f1_voice_session_metadata.json,P210_159413f1_session_dialogue.txt,32.0,159413f15a0c49558be2999ea36f8eec,210,2026-09-15T13:19:55.655,session_20260915_125054,False,True,,
ebe2a3c63df545d2a8ffc890bc6fb355,211,211,26,captcha_post|captcha_pre|q_post_gators|q_post_specific|q_pre_2050|q_pre_captcha|q_pre_idaq,763.332,0.02,P211_ebe2a3c6_voice_session_metadata.json,P211_ebe2a3c6_session_dialogue.txt,42.0,ebe2a3c63df545d2a8ffc890bc6fb355,211,2026-09-15T14:23:42.912,session_20260915_135029,False,True,,
46b9e0df766b4f43811fbd80d785b64b,212,212,31,captcha_post|captcha_pre|q_post_gators|q_post_specific|q_pre_2050|q_pre_captcha|q_pre_idaq,750.454,0.018,P212_46b9e0df_voice_session_metadata.json,P212_46b9e0df_session_dialogue.txt,40.0,46b9e0df766b4f43811fbd80d785b64b,212,2026-09-15T15:23:11.480,session_20260915_145339,False,True,,
d7b30d41ade74fc5aa5598790aa5996a,213,213,29,captcha_post|captcha_pre|q_post_gators|q_post_specific|q_pre_2050|q_pre_captcha|q_pre_idaq,770.498,0.021,P213_d7b30d41_voice_session_metadata.json,P213_d7b30d41_session_dialogue.txt,38.0,d7b30d41ade74fc5aa5598790aa5996a,213,2026-09-16T10:27:17.177,session_20260916_100222,False,True,,
f015c2847449411bb642b7d37dce8f07,214,214,21,captcha_post|captcha_pre|q_post_gators|q_post_specific|q_pre_2050|q_pre_captcha|q_pre_idaq,766.326,0.048,P214_f015c284_voice_session_metadata.json,P214_f015c284_session_dialogue.txt,50.0,f015c2847449411bb642b7d37dce8f07,214,2026-09-16T11:21:21.186,session_20260916_105425,False,True,,
7d77f454a6214b9eb0a5fd99cd4e2fc5,215,215,25,captcha_post|captcha_pre|q_post_gators|q_post_specific|q_pre_2050|q_pre_captcha|q_pre_idaq,765.486,0.018,P215_7d77f454_voice_session_metadata.json,P215_7d77f454_session_dialogue.txt,23.0,7d77f454a6214b9eb0a5fd99cd4e2fc5,215,2026-09-16T14:26:50.981,session_20260916_135307,False,True,,
11fd887f8f19412cadd87ca6afb286f8,216,216,40,captcha_post|captcha_pre|q_post_gators|q_post_specific|q_pre_2050|q_pre_captcha|q_pre_idaq,769.993,0.02,P216_11fd887f_voice_session_metadata.json,P216_11fd887f_session_dialogue.txt,36.0,11fd887f8f19412cadd87ca6afb286f8,216,2026-09-17T10:30:14.758,session_20260917_095126,False,True,,
1da89de8ba6147b0b6ae548f85953300,217,217,23,captcha_post|captcha_pre|q_post_gators|q_post_specific|q_pre_2050|q_pre_captcha|q_pre_idaq,786.223,0.032,P217_1da89de8_voice_session_metadata.json,P217_1da89de8_session_dialogue.txt,35.0,1da89de8ba6147b0b6ae548f85953300,217,2026-09-17T11:18:56.634,session_20260917_105033,False,True,,
010885762f774eb3b06ee503ebb09715,218,218,22,captcha_post|captcha_pre|q_post_gators|q_post_specific|q_pre_2050|q_pre_captcha|q_pre_idaq,771.081,0.032,P218_01088576_voice_session_metadata.json,P218_01088576_session_dialogue.txt,33.0,010885762f774eb3b06ee503ebb09715,218,2026-09-17T12:24:18.774,session_20260917_115556,False,True,,
47c59ebdd44145ef97ae8bfb1bf5ee52,219,219,29,captcha_post|captcha_pre|q_post_gators|q_post_specific|q_pre_2050|q_pre_captcha|q_pre_idaq,757.871,0.032,P219_47c59ebd_voice_session_metadata.json,P219_47c59ebd_session_dialogue.txt,16.0,47c59ebdd44145ef97ae8bfb1bf5ee52,219,2026-09-17T13:22:14.589,session_20260917_130018,False,True,,
169910798fd94e9c8f9ce32450ce7814,220,220,28,captcha_post|captcha_pre|q_post_gators|q_post_specific|q_pre_2050|q_pre_captcha|q_pre_idaq,770.469,0.034,P220_16991079_voice_session_metadata.json,P220_16991079_session_dialogue.txt,32.0,169910798fd94e9c8f9ce32450ce7814,220,2026-09-17T15:15:39.726,session_20260917_145107,False,True,,
