focal,moderator,moderator_level,moderator_value,q_post_specific_likeability,q_post_specific_mentism,like_c,mentism_c,like_x_mentism,predicted_completions
q_post_specific_mentism,q_post_specific_likeability,low,5.0,5.0,-6.0,-0.6299999999999999,-4.26,2.6837999999999993,10.1178225332393
q_post_specific_mentism,q_post_specific_likeability,low,5.0,5.0,-5.848101265822785,-0.6299999999999999,-4.108101265822785,2.588103797468354,10.263036769642547
q_post_specific_mentism,q_post_specific_likeability,low,5.0,5.0,-5.69620253164557,-0.6299999999999999,-3.9562025316455696,2.4924075949367084,10.410335167374473
q_post_specific_mentism,q_post_specific_likeability,low,5.0,5.0,-5.544303797468355,-0.6299999999999999,-3.8043037974683545,2.396711392405063,10.55974763898739
q_post_specific_mentism,q_post_specific_likeability,low,5.0,5.0,-5.3924050632911396,-0.6299999999999999,-3.6524050632911393,2.3010151898734175,10.71130452634818
q_post_specific_mentism,q_post_specific_likeability,low,5.0,5.0,-5.240506329113924,-0.6299999999999999,-3.5005063291139233,2.205318987341771,10.865036606799915
q_post_specific_mentism,q_post_specific_likeability,low,5.0,5.0,-5.088607594936709,-0.6299999999999999,-3.348607594936709,2.1096227848101266,11.02097509941198
q_post_specific_mentism,q_post_specific_likeability,low,5.0,5.0,-4.936708860759493,-0.6299999999999999,-3.196708860759493,2.01392658227848,11.179151671319891
q_post_specific_mentism,q_post_specific_likeability,low,5.0,5.0,-4.784810126582278,-0.6299999999999999,-3.044810126582278,1.9182303797468347,11.339598444156008
q_post_specific_mentism,q_post_specific_likeability,low,5.0,5.0,-4.632911392405063,-0.6299999999999999,-2.892911392405063,1.8225341772151893,11.502348000572711
q_post_specific_mentism,q_post_specific_likeability,low,5.0,5.0,-4.481012658227848,-0.6299999999999999,-2.741012658227848,1.7268379746835438,11.667433390859035
q_post_specific_mentism,q_post_specific_likeability,low,5.0,5.0,-4.329113924050633,-0.6299999999999999,-2.5891139240506327,1.6311417721518984,11.83488813965239
q_post_specific_mentism,q_post_specific_likeability,low,5.0,5.0,-4.177215189873418,-0.6299999999999999,-2.4372151898734176,1.535445569620253,12.004746252746543
q_post_specific_mentism,q_post_specific_likeability,low,5.0,5.0,-4.025316455696203,-0.6299999999999999,-2.2853164556962025,1.4397493670886072,12.177042223997306
q_post_specific_mentism,q_post_specific_likeability,low,5.0,5.0,-3.873417721518987,-0.6299999999999999,-2.1334177215189873,1.3440531645569618,12.351811042327409
q_post_specific_mentism,q_post_specific_likeability,low,5.0,5.0,-3.721518987341772,-0.6299999999999999,-1.981518987341772,1.248356962025316,12.52908819883181
q_post_specific_mentism,q_post_specific_likeability,low,5.0,5.0,-3.569620253164557,-0.6299999999999999,-1.829620253164557,1.1526607594936706,12.708909693985062
q_post_specific_mentism,q_post_specific_likeability,low,5.0,5.0,-3.4177215189873418,-0.6299999999999999,-1.6777215189873418,1.0569645569620252,12.891312044952073
q_post_specific_mentism,q_post_specific_likeability,low,5.0,5.0,-3.2658227848101267,-0.6299999999999999,-1.5258227848101267,0.9612683544303796,13.07633229300384
q_post_specific_mentism,q_post_specific_likeability,low,5.0,5.0,-3.113924050632911,-0.6299999999999999,-1.3739240506329111,0.8655721518987338,13.264008011039566
q_post_specific_mentism,q_post_specific_likeability,low,5.0,5.0,-2.962025316455696,-0.6299999999999999,-1.222025316455696,0.7698759493670884,13.454377311216746
q_post_specific_mentism,q_post_specific_likeability,low,5.0,5.0,-2.810126582278481,-0.6299999999999999,-1.070126582278481,0.6741797468354429,13.647478852690814
q_post_specific_mentism,q_post_specific_likeability,low,5.0,5.0,-2.6582278481012658,-0.6299999999999999,-0.9182278481012658,0.5784835443037973,13.843351849465789
q_post_specific_mentism,q_post_specific_likeability,low,5.0,5.0,-2.5063291139240507,-0.6299999999999999,-0.7663291139240507,0.4827873417721518,14.042036078357679
q_post_specific_mentism,q_post_specific_likeability,low,5.0,5.0,-2.3544303797468356,-0.6299999999999999,-0.6144303797468356,0.38709113924050637,14.243571887072124
q_post_specific_mentism,q_post_specific_likeability,low,5.0,5.0,-2.20253164556962,-0.6299999999999999,-0.46253164556962,0.2913949367088606,14.44800020239797
q_post_specific_mentism,q_post_specific_likeability,low,5.0,5.0,-2.050632911392405,-0.6299999999999999,-0.3106329113924049,0.19569873417721506,14.65536253851848
q_post_specific_mentism,q_post_specific_likeability,low,5.0,5.0,-1.8987341772151893,-0.6299999999999999,-0.15873417721518934,0.10000253164556927,14.865701005441794
q_post_specific_mentism,q_post_specific_likeability,low,5.0,5.0,-1.7468354430379742,-0.6299999999999999,-0.0068354430379742315,0.004306329113923765,15.079058317552422
q_post_specific_mentism,q_post_specific_likeability,low,5.0,5.0,-1.5949367088607591,-0.6299999999999999,0.14506329113924088,-0.09138987341772174,15.295477802285403
q_post_specific_mentism,q_post_specific_likeability,low,5.0,5.0,-1.443037974683544,-0.6299999999999999,0.296962025316456,-0.18708607594936724,15.515003408925054
q_post_specific_mentism,q_post_specific_likeability,low,5.0,5.0,-1.291139240506329,-0.6299999999999999,0.4488607594936711,-0.2827822784810127,15.737679717529922
q_post_specific_mentism,q_post_specific_likeability,low,5.0,5.0,-1.1392405063291138,-0.6299999999999999,0.6007594936708862,-0.37847848101265824,15.963551947985847
q_post_specific_mentism,q_post_specific_likeability,low,5.0,5.0,-0.9873417721518987,-0.6299999999999999,0.7526582278481013,-0.47417468354430375,16.192665969189008
q_post_specific_mentism,q_post_specific_likeability,low,5.0,5.0,-0.8354430379746836,-0.6299999999999999,0.9045569620253164,-0.5698708860759493,16.425068308360682
q_post_specific_mentism,q_post_specific_likeability,low,5.0,5.0,-0.6835443037974684,-0.6299999999999999,1.0564556962025315,-0.6655670886075947,16.660806160495763
q_post_specific_mentism,q_post_specific_likeability,low,5.0,5.0,-0.5316455696202533,-0.6299999999999999,1.2083544303797467,-0.7612632911392403,16.89992739794688
q_post_specific_mentism,q_post_specific_likeability,low,5.0,5.0,-0.3797468354430382,-0.6299999999999999,1.3602531645569618,-0.8569594936708858,17.142480580146
q_post_specific_mentism,q_post_specific_likeability,low,5.0,5.0,-0.22784810126582222,-0.6299999999999999,1.5121518987341778,-0.9526556962025319,17.388514963465678
q_post_specific_mentism,q_post_specific_likeability,low,5.0,5.0,-0.07594936708860711,-0.6299999999999999,1.6640506329113929,-1.0483518987341773,17.638080511221702
q_post_specific_mentism,q_post_specific_likeability,low,5.0,5.0,0.075949367088608,-0.6299999999999999,1.815949367088608,-1.1440481012658228,17.891227903819434
q_post_specific_mentism,q_post_specific_likeability,low,5.0,5.0,0.2278481012658231,-0.6299999999999999,1.967848101265823,-1.2397443037974683,18.148008549045656
q_post_specific_mentism,q_post_specific_likeability,low,5.0,5.0,0.3797468354430382,-0.6299999999999999,2.1197468354430384,-1.335440506329114,18.408474592508224
q_post_specific_mentism,q_post_specific_likeability,low,5.0,5.0,0.5316455696202533,-0.6299999999999999,2.2716455696202535,-1.4311367088607594,18.672678928225505
q_post_specific_mentism,q_post_specific_likeability,low,5.0,5.0,0.6835443037974684,-0.6299999999999999,2.4235443037974687,-1.526832911392405,18.940675209367743
q_post_specific_mentism,q_post_specific_likeability,low,5.0,5.0,0.8354430379746836,-0.6299999999999999,2.5754430379746838,-1.6225291139240505,19.212517859152758
q_post_specific_mentism,q_post_specific_likeability,low,5.0,5.0,0.9873417721518987,-0.6299999999999999,2.727341772151899,-1.718225316455696,19.488262081897826
q_post_specific_mentism,q_post_specific_likeability,low,5.0,5.0,1.1392405063291138,-0.6299999999999999,2.879240506329114,-1.8139215189873414,19.767963874230322
q_post_specific_mentism,q_post_specific_likeability,low,5.0,5.0,1.291139240506329,-0.6299999999999999,3.031139240506329,-1.9096177215189871,20.05168003645919
q_post_specific_mentism,q_post_specific_likeability,low,5.0,5.0,1.4430379746835449,-0.6299999999999999,3.183037974683545,-2.005313924050633,20.339468184109613
q_post_specific_mentism,q_post_specific_likeability,low,5.0,5.0,1.59493670886076,-0.6299999999999999,3.33493670886076,-2.1010101265822785,20.63138675962332
q_post_specific_mentism,q_post_specific_likeability,low,5.0,5.0,1.746835443037975,-0.6299999999999999,3.4868354430379753,-2.196706329113924,20.927495044226685
q_post_specific_mentism,q_post_specific_likeability,low,5.0,5.0,1.8987341772151902,-0.6299999999999999,3.6387341772151904,-2.2924025316455694,21.227853169969304
q_post_specific_mentism,q_post_specific_likeability,low,5.0,5.0,2.0506329113924053,-0.6299999999999999,3.7906329113924055,-2.3880987341772153,21.532522131935227
q_post_specific_mentism,q_post_specific_likeability,low,5.0,5.0,2.2025316455696213,-0.6299999999999999,3.9425316455696215,-2.483794936708861,21.84156380062952
q_post_specific_mentism,q_post_specific_likeability,low,5.0,5.0,2.3544303797468356,-0.6299999999999999,4.094430379746836,-2.579491139240506,22.155040934542626
q_post_specific_mentism,q_post_specific_likeability,low,5.0,5.0,2.5063291139240516,-0.6299999999999999,4.246329113924052,-2.675187341772152,22.47301719289495
q_post_specific_mentism,q_post_specific_likeability,low,5.0,5.0,2.6582278481012658,-0.6299999999999999,4.398227848101266,-2.770883544303797,22.7955571485645
q_post_specific_mentism,q_post_specific_likeability,low,5.0,5.0,2.8101265822784818,-0.6299999999999999,4.550126582278482,-2.866579746835443,23.12272630119991
q_post_specific_mentism,q_post_specific_likeability,low,5.0,5.0,2.962025316455696,-0.6299999999999999,4.702025316455696,-2.962275949367088,23.45459109052183
q_post_specific_mentism,q_post_specific_likeability,low,5.0,5.0,3.113924050632912,-0.6299999999999999,4.853924050632912,-3.0579721518987344,23.791218909815097
q_post_specific_mentism,q_post_specific_likeability,low,5.0,5.0,3.2658227848101262,-0.6299999999999999,5.005822784810126,-3.153668354430379,24.132678119614578
q_post_specific_mentism,q_post_specific_likeability,low,5.0,5.0,3.417721518987342,-0.6299999999999999,5.157721518987342,-3.2493645569620253,24.47903806158753
q_post_specific_mentism,q_post_specific_likeability,low,5.0,5.0,3.5696202531645564,-0.6299999999999999,5.309620253164557,-3.3450607594936703,24.830369072614996
q_post_specific_mentism,q_post_specific_likeability,low,5.0,5.0,3.7215189873417724,-0.6299999999999999,5.461518987341773,-3.4407569620253162,25.186742499075578
q_post_specific_mentism,q_post_specific_likeability,low,5.0,5.0,3.8734177215189884,-0.6299999999999999,5.613417721518989,-3.536453164556962,25.548230711333993
q_post_specific_mentism,q_post_specific_likeability,low,5.0,5.0,4.025316455696203,-0.6299999999999999,5.765316455696203,-3.632149367088607,25.914907118437625
q_post_specific_mentism,q_post_specific_likeability,low,5.0,5.0,4.177215189873419,-0.6299999999999999,5.917215189873419,-3.727845569620253,26.28684618302411
q_post_specific_mentism,q_post_specific_likeability,low,5.0,5.0,4.329113924050633,-0.6299999999999999,6.069113924050633,-3.823541772151898,26.664123436442722
q_post_specific_mentism,q_post_specific_likeability,low,5.0,5.0,4.481012658227849,-0.6299999999999999,6.221012658227849,-3.9192379746835444,27.046815494092936
q_post_specific_mentism,q_post_specific_likeability,low,5.0,5.0,4.632911392405063,-0.6299999999999999,6.372911392405063,-4.014934177215189,27.435000070982994
q_post_specific_mentism,q_post_specific_likeability,low,5.0,5.0,4.784810126582279,-0.6299999999999999,6.524810126582279,-4.110630379746835,27.828755997511927
q_post_specific_mentism,q_post_specific_likeability,low,5.0,5.0,4.936708860759493,-0.6299999999999999,6.6767088607594935,-4.20632658227848,28.22816323547791
q_post_specific_mentism,q_post_specific_likeability,low,5.0,5.0,5.088607594936709,-0.6299999999999999,6.8286075949367095,-4.302022784810126,28.633302894316515
q_post_specific_mentism,q_post_specific_likeability,low,5.0,5.0,5.240506329113924,-0.6299999999999999,6.980506329113924,-4.397718987341771,29.044257247572006
q_post_specific_mentism,q_post_specific_likeability,low,5.0,5.0,5.3924050632911396,-0.6299999999999999,7.13240506329114,-4.493415189873417,29.4611097496049
q_post_specific_mentism,q_post_specific_likeability,low,5.0,5.0,5.5443037974683556,-0.6299999999999999,7.284303797468356,-4.589111392405063,29.883945052539552
q_post_specific_mentism,q_post_specific_likeability,low,5.0,5.0,5.69620253164557,-0.6299999999999999,7.43620253164557,-4.684807594936708,30.312849023454703
q_post_specific_mentism,q_post_specific_likeability,low,5.0,5.0,5.848101265822786,-0.6299999999999999,7.588101265822786,-4.780503797468354,30.747908761821016
q_post_specific_mentism,q_post_specific_likeability,low,5.0,5.0,6.0,-0.6299999999999999,7.74,-4.876199999999999,31.189212617188712
q_post_specific_mentism,q_post_specific_likeability,medium,6.0,6.0,-6.0,0.3700000000000001,-4.26,-1.5762000000000003,17.194720491241494
q_post_specific_mentism,q_post_specific_likeability,medium,6.0,6.0,-5.848101265822785,0.3700000000000001,-4.108101265822785,-1.5199974683544308,17.257533561398336
q_post_specific_mentism,q_post_specific_likeability,medium,6.0,6.0,-5.69620253164557,0.3700000000000001,-3.9562025316455696,-1.4637949367088612,17.3205760904629
q_post_specific_mentism,q_post_specific_likeability,medium,6.0,6.0,-5.544303797468355,0.3700000000000001,-3.8043037974683545,-1.4075924050632915,17.38384891665867
q_post_specific_mentism,q_post_specific_likeability,medium,6.0,6.0,-5.3924050632911396,0.3700000000000001,-3.6524050632911393,-1.3513898734177219,17.447352881271197
q_post_specific_mentism,q_post_specific_likeability,medium,6.0,6.0,-5.240506329113924,0.3700000000000001,-3.5005063291139233,-1.295187341772152,17.511088828659275
q_post_specific_mentism,q_post_specific_likeability,medium,6.0,6.0,-5.088607594936709,0.3700000000000001,-3.348607594936709,-1.2389848101265828,17.57505760626618
q_post_specific_mentism,q_post_specific_likeability,medium,6.0,6.0,-4.936708860759493,0.3700000000000001,-3.196708860759493,-1.1827822784810127,17.639260064630967
q_post_specific_mentism,q_post_specific_likeability,medium,6.0,6.0,-4.784810126582278,0.3700000000000001,-3.044810126582278,-1.1265797468354433,17.70369705739969
q_post_specific_mentism,q_post_specific_likeability,medium,6.0,6.0,-4.632911392405063,0.3700000000000001,-2.892911392405063,-1.0703772151898736,17.76836944133687
q_post_specific_mentism,q_post_specific_likeability,medium,6.0,6.0,-4.481012658227848,0.3700000000000001,-2.741012658227848,-1.014174683544304,17.833278076336768
q_post_specific_mentism,q_post_specific_likeability,medium,6.0,6.0,-4.329113924050633,0.3700000000000001,-2.5891139240506327,-0.9579721518987344,17.89842382543493
q_post_specific_mentism,q_post_specific_likeability,medium,6.0,6.0,-4.177215189873418,0.3700000000000001,-2.4372151898734176,-0.9017696202531648,17.963807554819574
q_post_specific_mentism,q_post_specific_likeability,medium,6.0,6.0,-4.025316455696203,0.3700000000000001,-2.2853164556962025,-0.8455670886075951,18.029430133843157
q_post_specific_mentism,q_post_specific_likeability,medium,6.0,6.0,-3.873417721518987,0.3700000000000001,-2.1334177215189873,-0.7893645569620256,18.09529243503392
q_post_specific_mentism,q_post_specific_likeability,medium,6.0,6.0,-3.721518987341772,0.3700000000000001,-1.981518987341772,-0.7331620253164558,18.161395334107457
q_post_specific_mentism,q_post_specific_likeability,medium,6.0,6.0,-3.569620253164557,0.3700000000000001,-1.829620253164557,-0.6769594936708863,18.22773970997845
q_post_specific_mentism,q_post_specific_likeability,medium,6.0,6.0,-3.4177215189873418,0.3700000000000001,-1.6777215189873418,-0.6207569620253166,18.294326444772224
q_post_specific_mentism,q_post_specific_likeability,medium,6.0,6.0,-3.2658227848101267,0.3700000000000001,-1.5258227848101267,-0.5645544303797471,18.361156423836615
q_post_specific_mentism,q_post_specific_likeability,medium,6.0,6.0,-3.113924050632911,0.3700000000000001,-1.3739240506329111,-0.5083518987341773,18.42823053575362
q_post_specific_mentism,q_post_specific_likeability,medium,6.0,6.0,-2.962025316455696,0.3700000000000001,-1.222025316455696,-0.45214936708860765,18.4955496723513
q_post_specific_mentism,q_post_specific_likeability,medium,6.0,6.0,-2.810126582278481,0.3700000000000001,-1.070126582278481,-0.39594683544303805,18.56311472871558
q_post_specific_mentism,q_post_specific_likeability,medium,6.0,6.0,-2.6582278481012658,0.3700000000000001,-0.9182278481012658,-0.33974430379746845,18.630926603202184
q_post_specific_mentism,q_post_specific_likeability,medium,6.0,6.0,-2.5063291139240507,0.3700000000000001,-0.7663291139240507,-0.28354177215189885,18.698986197448562
q_post_specific_mentism,q_post_specific_likeability,medium,6.0,6.0,-2.3544303797468356,0.3700000000000001,-0.6144303797468356,-0.22733924050632923,18.767294416385916
q_post_specific_mentism,q_post_specific_likeability,medium,6.0,6.0,-2.20253164556962,0.3700000000000001,-0.46253164556962,-0.17113670886075946,18.83585216825114
q_post_specific_mentism,q_post_specific_likeability,medium,6.0,6.0,-2.050632911392405,0.3700000000000001,-0.3106329113924049,-0.11493417721518985,18.90466036459903
q_post_specific_mentism,q_post_specific_likeability,medium,6.0,6.0,-1.8987341772151893,0.3700000000000001,-0.15873417721518934,-0.05873164556962007,18.97371992031426
q_post_specific_mentism,q_post_specific_likeability,medium,6.0,6.0,-1.7468354430379742,0.3700000000000001,-0.0068354430379742315,-0.0025291139240504663,19.043031753623687
q_post_specific_mentism,q_post_specific_likeability,medium,6.0,6.0,-1.5949367088607591,0.3700000000000001,0.14506329113924088,0.053673417721519144,19.112596786108433
q_post_specific_mentism,q_post_specific_likeability,medium,6.0,6.0,-1.443037974683544,0.3700000000000001,0.296962025316456,0.10987594936708875,19.182415942716222
q_post_specific_mentism,q_post_specific_likeability,medium,6.0,6.0,-1.291139240506329,0.3700000000000001,0.4488607594936711,0.16607848101265835,19.252490151773674
q_post_specific_mentism,q_post_specific_likeability,medium,6.0,6.0,-1.1392405063291138,0.3700000000000001,0.6007594936708862,0.22228101265822797,19.322820344998572
q_post_specific_mentism,q_post_specific_likeability,medium,6.0,6.0,-0.9873417721518987,0.3700000000000001,0.7526582278481013,0.27848354430379757,19.393407457512374
q_post_specific_mentism,q_post_specific_likeability,medium,6.0,6.0,-0.8354430379746836,0.3700000000000001,0.9045569620253164,0.33468607594936717,19.464252427852504
q_post_specific_mentism,q_post_specific_likeability,medium,6.0,6.0,-0.6835443037974684,0.3700000000000001,1.0564556962025315,0.39088860759493677,19.535356197984967
q_post_specific_mentism,q_post_specific_likeability,medium,6.0,6.0,-0.5316455696202533,0.3700000000000001,1.2083544303797467,0.4470911392405064,19.606719713316778
q_post_specific_mentism,q_post_specific_likeability,medium,6.0,6.0,-0.3797468354430382,0.3700000000000001,1.3602531645569618,0.503293670886076,19.678343922708578
q_post_specific_mentism,q_post_specific_likeability,medium,6.0,6.0,-0.22784810126582222,0.3700000000000001,1.5121518987341778,0.5594962025316459,19.750229778487224
q_post_specific_mentism,q_post_specific_likeability,medium,6.0,6.0,-0.07594936708860711,0.3700000000000001,1.6640506329113929,0.6156987341772155,19.822378236458484
q_post_specific_mentism,q_post_specific_likeability,medium,6.0,6.0,0.075949367088608,0.3700000000000001,1.815949367088608,0.6719012658227852,19.894790255919713
q_post_specific_mentism,q_post_specific_likeability,medium,6.0,6.0,0.2278481012658231,0.3700000000000001,1.967848101265823,0.7281037974683547,19.96746679967262
q_post_specific_mentism,q_post_specific_likeability,medium,6.0,6.0,0.3797468354430382,0.3700000000000001,2.1197468354430384,0.7843063291139244,20.040408834036082
q_post_specific_mentism,q_post_specific_likeability,medium,6.0,6.0,0.5316455696202533,0.3700000000000001,2.2716455696202535,0.840508860759494,20.113617328858975
q_post_specific_mentism,q_post_specific_likeability,medium,6.0,6.0,0.6835443037974684,0.3700000000000001,2.4235443037974687,0.8967113924050637,20.18709325753307
q_post_specific_mentism,q_post_specific_likeability,medium,6.0,6.0,0.8354430379746836,0.3700000000000001,2.5754430379746838,0.9529139240506332,20.260837597005995
q_post_specific_mentism,q_post_specific_likeability,medium,6.0,6.0,0.9873417721518987,0.3700000000000001,2.727341772151899,1.009116455696203,20.334851327794198
q_post_specific_mentism,q_post_specific_likeability,medium,6.0,6.0,1.1392405063291138,0.3700000000000001,2.879240506329114,1.0653189873417725,20.409135433995992
q_post_specific_mentism,q_post_specific_likeability,medium,6.0,6.0,1.291139240506329,0.3700000000000001,3.031139240506329,1.121521518987342,20.483690903304684
q_post_specific_mentism,q_post_specific_likeability,medium,6.0,6.0,1.4430379746835449,0.3700000000000001,3.183037974683545,1.177724050632912,20.558518727021596
q_post_specific_mentism,q_post_specific_likeability,medium,6.0,6.0,1.59493670886076,0.3700000000000001,3.33493670886076,1.2339265822784817,20.633619900069398
q_post_specific_mentism,q_post_specific_likeability,medium,6.0,6.0,1.746835443037975,0.3700000000000001,3.4868354430379753,1.2901291139240512,20.70899542100518
q_post_specific_mentism,q_post_specific_likeability,medium,6.0,6.0,1.8987341772151902,0.3700000000000001,3.6387341772151904,1.3463316455696208,20.784646292033873
q_post_specific_mentism,q_post_specific_likeability,medium,6.0,6.0,2.0506329113924053,0.3700000000000001,3.7906329113924055,1.4025341772151905,20.860573519021465
q_post_specific_mentism,q_post_specific_likeability,medium,6.0,6.0,2.2025316455696213,0.3700000000000001,3.9425316455696215,1.4587367088607603,20.936778111508428
q_post_specific_mentism,q_post_specific_likeability,medium,6.0,6.0,2.3544303797468356,0.3700000000000001,4.094430379746836,1.5149392405063298,21.013261082723126
q_post_specific_mentism,q_post_specific_likeability,medium,6.0,6.0,2.5063291139240516,0.3700000000000001,4.246329113924052,1.5711417721518997,21.0900234495953
q_post_specific_mentism,q_post_specific_likeability,medium,6.0,6.0,2.6582278481012658,0.3700000000000001,4.398227848101266,1.6273443037974689,21.167066232769578
q_post_specific_mentism,q_post_specific_likeability,medium,6.0,6.0,2.8101265822784818,0.3700000000000001,4.550126582278482,1.6835468354430387,21.24439045661902
q_post_specific_mentism,q_post_specific_likeability,medium,6.0,6.0,2.962025316455696,0.3700000000000001,4.702025316455696,1.7397493670886082,21.321997149258817
q_post_specific_mentism,q_post_specific_likeability,medium,6.0,6.0,3.113924050632912,0.3700000000000001,4.853924050632912,1.795951898734178,21.399887342559868
q_post_specific_mentism,q_post_specific_likeability,medium,6.0,6.0,3.2658227848101262,0.3700000000000001,5.005822784810126,1.8521544303797473,21.478062072162565
q_post_specific_mentism,q_post_specific_likeability,medium,6.0,6.0,3.417721518987342,0.3700000000000001,5.157721518987342,1.9083569620253173,21.556522377490527
q_post_specific_mentism,q_post_specific_likeability,medium,6.0,6.0,3.5696202531645564,0.3700000000000001,5.309620253164557,1.9645594936708866,21.63526930176444
q_post_specific_mentism,q_post_specific_likeability,medium,6.0,6.0,3.7215189873417724,0.3700000000000001,5.461518987341773,2.0207620253164564,21.714303892015906
q_post_specific_mentism,q_post_specific_likeability,medium,6.0,6.0,3.8734177215189884,0.3700000000000001,5.613417721518989,2.0769645569620265,21.793627199101422
q_post_specific_mentism,q_post_specific_likeability,medium,6.0,6.0,4.025316455696203,0.3700000000000001,5.765316455696203,2.1331670886075957,21.873240277716242
q_post_specific_mentism,q_post_specific_likeability,medium,6.0,6.0,4.177215189873419,0.3700000000000001,5.917215189873419,2.189369620253166,21.953144186408544
q_post_specific_mentism,q_post_specific_likeability,medium,6.0,6.0,4.329113924050633,0.3700000000000001,6.069113924050633,2.245572151898735,22.033339987593354
q_post_specific_mentism,q_post_specific_likeability,medium,6.0,6.0,4.481012658227849,0.3700000000000001,6.221012658227849,2.3017746835443047,22.113828747566824
q_post_specific_mentism,q_post_specific_likeability,medium,6.0,6.0,4.632911392405063,0.3700000000000001,6.372911392405063,2.357977215189874,22.194611536520263
q_post_specific_mentism,q_post_specific_likeability,medium,6.0,6.0,4.784810126582279,0.3700000000000001,6.524810126582279,2.414179746835444,22.275689428554465
q_post_specific_mentism,q_post_specific_likeability,medium,6.0,6.0,4.936708860759493,0.3700000000000001,6.6767088607594935,2.470382278481013,22.35706350169399
q_post_specific_mentism,q_post_specific_likeability,medium,6.0,6.0,5.088607594936709,0.3700000000000001,6.8286075949367095,2.5265848101265833,22.438734837901407
q_post_specific_mentism,q_post_specific_likeability,medium,6.0,6.0,5.240506329113924,0.3700000000000001,6.980506329113924,2.5827873417721525,22.520704523091812
q_post_specific_mentism,q_post_specific_likeability,medium,6.0,6.0,5.3924050632911396,0.3700000000000001,7.13240506329114,2.6389898734177226,22.60297364714712
q_post_specific_mentism,q_post_specific_likeability,medium,6.0,6.0,5.5443037974683556,0.3700000000000001,7.284303797468356,2.6951924050632923,22.685543303930718
q_post_specific_mentism,q_post_specific_likeability,medium,6.0,6.0,5.69620253164557,0.3700000000000001,7.43620253164557,2.7513949367088615,22.768414591301834
q_post_specific_mentism,q_post_specific_likeability,medium,6.0,6.0,5.848101265822786,0.3700000000000001,7.588101265822786,2.8075974683544316,22.851588611130307
q_post_specific_mentism,q_post_specific_likeability,medium,6.0,6.0,6.0,0.3700000000000001,7.74,2.863800000000001,22.9350664693111
q_post_specific_mentism,q_post_specific_likeability,high,6.0,6.0,-6.0,0.3700000000000001,-4.26,-1.5762000000000003,17.194720491241494
q_post_specific_mentism,q_post_specific_likeability,high,6.0,6.0,-5.848101265822785,0.3700000000000001,-4.108101265822785,-1.5199974683544308,17.257533561398336
q_post_specific_mentism,q_post_specific_likeability,high,6.0,6.0,-5.69620253164557,0.3700000000000001,-3.9562025316455696,-1.4637949367088612,17.3205760904629
q_post_specific_mentism,q_post_specific_likeability,high,6.0,6.0,-5.544303797468355,0.3700000000000001,-3.8043037974683545,-1.4075924050632915,17.38384891665867
q_post_specific_mentism,q_post_specific_likeability,high,6.0,6.0,-5.3924050632911396,0.3700000000000001,-3.6524050632911393,-1.3513898734177219,17.447352881271197
q_post_specific_mentism,q_post_specific_likeability,high,6.0,6.0,-5.240506329113924,0.3700000000000001,-3.5005063291139233,-1.295187341772152,17.511088828659275
q_post_specific_mentism,q_post_specific_likeability,high,6.0,6.0,-5.088607594936709,0.3700000000000001,-3.348607594936709,-1.2389848101265828,17.57505760626618
q_post_specific_mentism,q_post_specific_likeability,high,6.0,6.0,-4.936708860759493,0.3700000000000001,-3.196708860759493,-1.1827822784810127,17.639260064630967
q_post_specific_mentism,q_post_specific_likeability,high,6.0,6.0,-4.784810126582278,0.3700000000000001,-3.044810126582278,-1.1265797468354433,17.70369705739969
q_post_specific_mentism,q_post_specific_likeability,high,6.0,6.0,-4.632911392405063,0.3700000000000001,-2.892911392405063,-1.0703772151898736,17.76836944133687
q_post_specific_mentism,q_post_specific_likeability,high,6.0,6.0,-4.481012658227848,0.3700000000000001,-2.741012658227848,-1.014174683544304,17.833278076336768
q_post_specific_mentism,q_post_specific_likeability,high,6.0,6.0,-4.329113924050633,0.3700000000000001,-2.5891139240506327,-0.9579721518987344,17.89842382543493
q_post_specific_mentism,q_post_specific_likeability,high,6.0,6.0,-4.177215189873418,0.3700000000000001,-2.4372151898734176,-0.9017696202531648,17.963807554819574
q_post_specific_mentism,q_post_specific_likeability,high,6.0,6.0,-4.025316455696203,0.3700000000000001,-2.2853164556962025,-0.8455670886075951,18.029430133843157
q_post_specific_mentism,q_post_specific_likeability,high,6.0,6.0,-3.873417721518987,0.3700000000000001,-2.1334177215189873,-0.7893645569620256,18.09529243503392
q_post_specific_mentism,q_post_specific_likeability,high,6.0,6.0,-3.721518987341772,0.3700000000000001,-1.981518987341772,-0.7331620253164558,18.161395334107457
q_post_specific_mentism,q_post_specific_likeability,high,6.0,6.0,-3.569620253164557,0.3700000000000001,-1.829620253164557,-0.6769594936708863,18.22773970997845
q_post_specific_mentism,q_post_specific_likeability,high,6.0,6.0,-3.4177215189873418,0.3700000000000001,-1.6777215189873418,-0.6207569620253166,18.294326444772224
q_post_specific_mentism,q_post_specific_likeability,high,6.0,6.0,-3.2658227848101267,0.3700000000000001,-1.5258227848101267,-0.5645544303797471,18.361156423836615
q_post_specific_mentism,q_post_specific_likeability,high,6.0,6.0,-3.113924050632911,0.3700000000000001,-1.3739240506329111,-0.5083518987341773,18.42823053575362
q_post_specific_mentism,q_post_specific_likeability,high,6.0,6.0,-2.962025316455696,0.3700000000000001,-1.222025316455696,-0.45214936708860765,18.4955496723513
q_post_specific_mentism,q_post_specific_likeability,high,6.0,6.0,-2.810126582278481,0.3700000000000001,-1.070126582278481,-0.39594683544303805,18.56311472871558
q_post_specific_mentism,q_post_specific_likeability,high,6.0,6.0,-2.6582278481012658,0.3700000000000001,-0.9182278481012658,-0.33974430379746845,18.630926603202184
q_post_specific_mentism,q_post_specific_likeability,high,6.0,6.0,-2.5063291139240507,0.3700000000000001,-0.7663291139240507,-0.28354177215189885,18.698986197448562
q_post_specific_mentism,q_post_specific_likeability,high,6.0,6.0,-2.3544303797468356,0.3700000000000001,-0.6144303797468356,-0.22733924050632923,18.767294416385916
q_post_specific_mentism,q_post_specific_likeability,high,6.0,6.0,-2.20253164556962,0.3700000000000001,-0.46253164556962,-0.17113670886075946,18.83585216825114
q_post_specific_mentism,q_post_specific_likeability,high,6.0,6.0,-2.050632911392405,0.3700000000000001,-0.3106329113924049,-0.11493417721518985,18.90466036459903
q_post_specific_mentism,q_post_specific_likeability,high,6.0,6.0,-1.8987341772151893,0.3700000000000001,-0.15873417721518934,-0.05873164556962007,18.97371992031426
q_post_specific_mentism,q_post_specific_likeability,high,6.0,6.0,-1.7468354430379742,0.3700000000000001,-0.0068354430379742315,-0.0025291139240504663,19.043031753623687
q_post_specific_mentism,q_post_specific_likeability,high,6.0,6.0,-1.5949367088607591,0.3700000000000001,0.14506329113924088,0.053673417721519144,19.112596786108433
q_post_specific_mentism,q_post_specific_likeability,high,6.0,6.0,-1.443037974683544,0.3700000000000001,0.296962025316456,0.10987594936708875,19.182415942716222
q_post_specific_mentism,q_post_specific_likeability,high,6.0,6.0,-1.291139240506329,0.3700000000000001,0.4488607594936711,0.16607848101265835,19.252490151773674
q_post_specific_mentism,q_post_specific_likeability,high,6.0,6.0,-1.1392405063291138,0.3700000000000001,0.6007594936708862,0.22228101265822797,19.322820344998572
q_post_specific_mentism,q_post_specific_likeability,high,6.0,6.0,-0.9873417721518987,0.3700000000000001,0.7526582278481013,0.27848354430379757,19.393407457512374
q_post_specific_mentism,q_post_specific_likeability,high,6.0,6.0,-0.8354430379746836,0.3700000000000001,0.9045569620253164,0.33468607594936717,19.464252427852504
q_post_specific_mentism,q_post_specific_likeability,high,6.0,6.0,-0.6835443037974684,0.3700000000000001,1.0564556962025315,0.39088860759493677,19.535356197984967
q_post_specific_mentism,q_post_specific_likeability,high,6.0,6.0,-0.5316455696202533,0.3700000000000001,1.2083544303797467,0.4470911392405064,19.606719713316778
q_post_specific_mentism,q_post_specific_likeability,high,6.0,6.0,-0.3797468354430382,0.3700000000000001,1.3602531645569618,0.503293670886076,19.678343922708578
q_post_specific_mentism,q_post_specific_likeability,high,6.0,6.0,-0.22784810126582222,0.3700000000000001,1.5121518987341778,0.5594962025316459,19.750229778487224
q_post_specific_mentism,q_post_specific_likeability,high,6.0,6.0,-0.07594936708860711,0.3700000000000001,1.6640506329113929,0.6156987341772155,19.822378236458484
q_post_specific_mentism,q_post_specific_likeability,high,6.0,6.0,0.075949367088608,0.3700000000000001,1.815949367088608,0.6719012658227852,19.894790255919713
q_post_specific_mentism,q_post_specific_likeability,high,6.0,6.0,0.2278481012658231,0.3700000000000001,1.967848101265823,0.7281037974683547,19.96746679967262
q_post_specific_mentism,q_post_specific_likeability,high,6.0,6.0,0.3797468354430382,0.3700000000000001,2.1197468354430384,0.7843063291139244,20.040408834036082
q_post_specific_mentism,q_post_specific_likeability,high,6.0,6.0,0.5316455696202533,0.3700000000000001,2.2716455696202535,0.840508860759494,20.113617328858975
q_post_specific_mentism,q_post_specific_likeability,high,6.0,6.0,0.6835443037974684,0.3700000000000001,2.4235443037974687,0.8967113924050637,20.18709325753307
q_post_specific_mentism,q_post_specific_likeability,high,6.0,6.0,0.8354430379746836,0.3700000000000001,2.5754430379746838,0.9529139240506332,20.260837597005995
q_post_specific_mentism,q_post_specific_likeability,high,6.0,6.0,0.9873417721518987,0.3700000000000001,2.727341772151899,1.009116455696203,20.334851327794198
q_post_specific_mentism,q_post_specific_likeability,high,6.0,6.0,1.1392405063291138,0.3700000000000001,2.879240506329114,1.0653189873417725,20.409135433995992
q_post_specific_mentism,q_post_specific_likeability,high,6.0,6.0,1.291139240506329,0.3700000000000001,3.031139240506329,1.121521518987342,20.483690903304684
q_post_specific_mentism,q_post_specific_likeability,high,6.0,6.0,1.4430379746835449,0.3700000000000001,3.183037974683545,1.177724050632912,20.558518727021596
q_post_specific_mentism,q_post_specific_likeability,high,6.0,6.0,1.59493670886076,0.3700000000000001,3.33493670886076,1.2339265822784817,20.633619900069398
q_post_specific_mentism,q_post_specific_likeability,high,6.0,6.0,1.746835443037975,0.3700000000000001,3.4868354430379753,1.2901291139240512,20.70899542100518
q_post_specific_mentism,q_post_specific_likeability,high,6.0,6.0,1.8987341772151902,0.3700000000000001,3.6387341772151904,1.3463316455696208,20.784646292033873
q_post_specific_mentism,q_post_specific_likeability,high,6.0,6.0,2.0506329113924053,0.3700000000000001,3.7906329113924055,1.4025341772151905,20.860573519021465
q_post_specific_mentism,q_post_specific_likeability,high,6.0,6.0,2.2025316455696213,0.3700000000000001,3.9425316455696215,1.4587367088607603,20.936778111508428
q_post_specific_mentism,q_post_specific_likeability,high,6.0,6.0,2.3544303797468356,0.3700000000000001,4.094430379746836,1.5149392405063298,21.013261082723126
q_post_specific_mentism,q_post_specific_likeability,high,6.0,6.0,2.5063291139240516,0.3700000000000001,4.246329113924052,1.5711417721518997,21.0900234495953
q_post_specific_mentism,q_post_specific_likeability,high,6.0,6.0,2.6582278481012658,0.3700000000000001,4.398227848101266,1.6273443037974689,21.167066232769578
q_post_specific_mentism,q_post_specific_likeability,high,6.0,6.0,2.8101265822784818,0.3700000000000001,4.550126582278482,1.6835468354430387,21.24439045661902
q_post_specific_mentism,q_post_specific_likeability,high,6.0,6.0,2.962025316455696,0.3700000000000001,4.702025316455696,1.7397493670886082,21.321997149258817
q_post_specific_mentism,q_post_specific_likeability,high,6.0,6.0,3.113924050632912,0.3700000000000001,4.853924050632912,1.795951898734178,21.399887342559868
q_post_specific_mentism,q_post_specific_likeability,high,6.0,6.0,3.2658227848101262,0.3700000000000001,5.005822784810126,1.8521544303797473,21.478062072162565
q_post_specific_mentism,q_post_specific_likeability,high,6.0,6.0,3.417721518987342,0.3700000000000001,5.157721518987342,1.9083569620253173,21.556522377490527
q_post_specific_mentism,q_post_specific_likeability,high,6.0,6.0,3.5696202531645564,0.3700000000000001,5.309620253164557,1.9645594936708866,21.63526930176444
q_post_specific_mentism,q_post_specific_likeability,high,6.0,6.0,3.7215189873417724,0.3700000000000001,5.461518987341773,2.0207620253164564,21.714303892015906
q_post_specific_mentism,q_post_specific_likeability,high,6.0,6.0,3.8734177215189884,0.3700000000000001,5.613417721518989,2.0769645569620265,21.793627199101422
q_post_specific_mentism,q_post_specific_likeability,high,6.0,6.0,4.025316455696203,0.3700000000000001,5.765316455696203,2.1331670886075957,21.873240277716242
q_post_specific_mentism,q_post_specific_likeability,high,6.0,6.0,4.177215189873419,0.3700000000000001,5.917215189873419,2.189369620253166,21.953144186408544
q_post_specific_mentism,q_post_specific_likeability,high,6.0,6.0,4.329113924050633,0.3700000000000001,6.069113924050633,2.245572151898735,22.033339987593354
q_post_specific_mentism,q_post_specific_likeability,high,6.0,6.0,4.481012658227849,0.3700000000000001,6.221012658227849,2.3017746835443047,22.113828747566824
q_post_specific_mentism,q_post_specific_likeability,high,6.0,6.0,4.632911392405063,0.3700000000000001,6.372911392405063,2.357977215189874,22.194611536520263
q_post_specific_mentism,q_post_specific_likeability,high,6.0,6.0,4.784810126582279,0.3700000000000001,6.524810126582279,2.414179746835444,22.275689428554465
q_post_specific_mentism,q_post_specific_likeability,high,6.0,6.0,4.936708860759493,0.3700000000000001,6.6767088607594935,2.470382278481013,22.35706350169399
q_post_specific_mentism,q_post_specific_likeability,high,6.0,6.0,5.088607594936709,0.3700000000000001,6.8286075949367095,2.5265848101265833,22.438734837901407
q_post_specific_mentism,q_post_specific_likeability,high,6.0,6.0,5.240506329113924,0.3700000000000001,6.980506329113924,2.5827873417721525,22.520704523091812
q_post_specific_mentism,q_post_specific_likeability,high,6.0,6.0,5.3924050632911396,0.3700000000000001,7.13240506329114,2.6389898734177226,22.60297364714712
q_post_specific_mentism,q_post_specific_likeability,high,6.0,6.0,5.5443037974683556,0.3700000000000001,7.284303797468356,2.6951924050632923,22.685543303930718
q_post_specific_mentism,q_post_specific_likeability,high,6.0,6.0,5.69620253164557,0.3700000000000001,7.43620253164557,2.7513949367088615,22.768414591301834
q_post_specific_mentism,q_post_specific_likeability,high,6.0,6.0,5.848101265822786,0.3700000000000001,7.588101265822786,2.8075974683544316,22.851588611130307
q_post_specific_mentism,q_post_specific_likeability,high,6.0,6.0,6.0,0.3700000000000001,7.74,2.863800000000001,22.9350664693111
